idSeqFait,Dim_Temps.id_temps,Dim_Client.id_seqClient,Dim_Employee.id_seqEmployee,Somme de nbr_commandes_livrees,Somme de nbr_commandes_non_livrees
1,1,85,17,1,0
2,1,85,18,1,0
3,1,85,19,1,0
4,1,85,20,1,0
5,1,85,21,1,0
6,1,85,22,1,0
7,1,85,23,1,0
8,1,85,54,1,0
9,1,14,17,1,0
10,1,14,18,1,0
11,1,14,19,1,0
12,1,14,20,1,0
13,1,14,21,1,0
14,1,14,22,1,0
15,1,14,23,1,0
16,1,14,54,1,0
17,3,7,17,1,0
18,3,7,18,1,0
19,3,7,19,1,0
20,3,7,20,1,0
21,3,7,21,1,0
22,3,7,22,1,0
23,3,7,23,1,0
24,3,7,54,1,0
25,4,87,17,2,0
26,4,87,18,2,0
27,4,87,19,2,0
28,4,87,20,2,0
29,4,87,21,2,0
30,4,87,22,2,0
31,4,87,23,2,0
32,4,87,54,2,0
33,1,89,17,1,0
34,1,89,18,1,0
35,1,89,19,1,0
36,1,89,20,1,0
37,1,89,21,1,0
38,1,89,22,1,0
39,1,89,23,1,0
40,1,89,54,1,0
41,4,9,1,1,0
42,4,9,2,1,0
43,4,9,50,1,0
44,1,20,1,1,0
45,1,20,2,1,0
46,1,20,50,1,0
47,5,20,1,1,0
48,5,20,2,1,0
49,5,20,50,1,0
50,3,65,1,2,0
51,3,65,2,2,0
52,3,65,50,2,0
53,3,18,1,1,0
54,3,18,2,1,0
55,3,18,50,1,0
56,2,87,1,1,0
57,2,87,2,1,0
58,2,87,50,1,0
59,5,19,1,1,0
60,5,19,2,1,0
61,5,19,50,1,0
62,2,85,24,1,0
63,2,85,25,1,0
64,2,85,26,1,0
65,2,85,27,1,0
66,2,85,28,1,0
67,2,85,55,1,0
68,1,79,24,1,0
69,1,79,25,1,0
70,1,79,26,1,0
71,1,79,27,1,0
72,1,79,28,1,0
73,1,79,55,1,0
74,5,4,24,1,0
75,5,4,25,1,0
76,5,4,26,1,0
77,5,4,27,1,0
78,5,4,28,1,0
79,5,4,55,1,0
80,2,61,24,1,0
81,2,61,25,1,0
82,2,61,26,1,0
83,2,61,27,1,0
84,2,61,28,1,0
85,2,61,55,1,0
86,2,65,24,1,0
87,2,65,25,1,0
88,2,65,26,1,0
89,2,65,27,1,0
90,2,65,28,1,0
91,2,65,55,1,0
92,1,24,24,1,0
93,1,24,25,1,0
94,1,24,26,1,0
95,1,24,27,1,0
96,1,24,28,1,0
97,1,24,55,1,0
98,2,75,24,1,0
99,2,75,25,1,0
100,2,75,26,1,0
101,2,75,27,1,0
102,2,75,28,1,0
103,2,75,55,1,0
104,3,85,3,1,0
105,3,85,4,1,0
106,3,85,5,1,0
107,3,85,6,1,0
108,3,85,7,1,0
109,3,85,8,1,0
110,3,85,9,1,0
111,3,85,51,1,0
112,2,5,3,1,0
113,2,5,4,1,0
114,2,5,5,1,0
115,2,5,6,1,0
116,2,5,7,1,0
117,2,5,8,1,0
118,2,5,9,1,0
119,2,5,51,1,0
120,1,7,3,1,0
121,1,7,4,1,0
122,1,7,5,1,0
123,1,7,6,1,0
124,1,7,7,1,0
125,1,7,8,1,0
126,1,7,9,1,0
127,1,7,51,1,0
128,5,20,3,1,0
129,5,20,4,1,0
130,5,20,5,1,0
131,5,20,6,1,0
132,5,20,7,1,0
133,5,20,8,1,0
134,5,20,9,1,0
135,5,20,51,1,0
136,4,24,3,1,0
137,4,24,4,1,0
138,4,24,5,1,0
139,4,24,6,1,0
140,4,24,7,1,0
141,4,24,8,1,0
142,4,24,9,1,0
143,4,24,51,1,0
144,3,2,29,1,0
145,3,2,30,1,0
146,3,2,31,1,0
147,3,2,32,1,0
148,3,2,33,1,0
149,3,2,34,1,0
150,3,2,35,1,0
151,3,2,36,1,0
152,3,2,37,1,0
153,3,2,38,1,0
154,3,2,56,1,0
155,2,11,29,1,0
156,2,11,30,1,0
157,2,11,31,1,0
158,2,11,32,1,0
159,2,11,33,1,0
160,2,11,34,1,0
161,2,11,35,1,0
162,2,11,36,1,0
163,2,11,37,1,0
164,2,11,38,1,0
165,2,11,56,1,0
166,1,34,14,1,0
167,1,34,15,1,0
168,1,34,16,1,0
169,1,34,53,1,0
170,1,76,14,1,0
171,1,76,15,1,0
172,1,76,16,1,0
173,1,76,53,1,0
174,3,76,14,1,0
175,3,76,15,1,0
176,3,76,16,1,0
177,3,76,53,1,0
178,5,7,14,1,0
179,5,7,15,1,0
180,5,7,16,1,0
181,5,7,53,1,0
182,4,8,14,1,0
183,4,8,15,1,0
184,4,8,16,1,0
185,4,8,53,1,0
186,1,35,14,1,0
187,1,35,15,1,0
188,1,35,16,1,0
189,1,35,53,1,0
190,1,13,14,1,0
191,1,13,15,1,0
192,1,13,16,1,0
193,1,13,53,1,0
194,1,56,14,1,0
195,1,56,15,1,0
196,1,56,16,1,0
197,1,56,53,1,0
198,1,61,14,1,0
199,1,61,15,1,0
200,1,61,16,1,0
201,1,61,53,1,0
202,2,65,14,1,0
203,2,65,15,1,0
204,2,65,16,1,0
205,2,65,53,1,0
206,5,17,14,1,0
207,5,17,15,1,0
208,5,17,16,1,0
209,5,17,53,1,0
210,1,25,14,1,0
211,1,25,15,1,0
212,1,25,16,1,0
213,1,25,53,1,0
214,4,25,14,2,0
215,4,25,15,2,0
216,4,25,16,2,0
217,4,25,53,2,0
218,5,21,14,1,0
219,5,21,15,1,0
220,5,21,16,1,0
221,5,21,53,1,0
222,5,89,14,1,0
223,5,89,15,1,0
224,5,89,16,1,0
225,5,89,53,1,0
226,1,34,10,1,0
227,1,34,11,1,0
228,1,34,12,1,0
229,1,34,13,1,0
230,1,34,52,1,0
231,5,3,10,1,0
232,5,3,11,1,0
233,5,3,12,1,0
234,5,3,13,1,0
235,5,3,52,1,0
236,1,84,10,1,0
237,1,84,11,1,0
238,1,84,12,1,0
239,1,84,13,1,0
240,1,84,52,1,0
241,1,88,10,1,0
242,1,88,11,1,0
243,1,88,12,1,0
244,1,88,13,1,0
245,1,88,52,1,0
246,5,9,10,1,0
247,5,9,11,1,0
248,5,9,12,1,0
249,5,9,13,1,0
250,5,9,52,1,0
251,5,65,10,1,0
252,5,65,11,1,0
253,5,65,12,1,0
254,5,65,13,1,0
255,5,65,52,1,0
256,1,87,10,1,0
257,1,87,11,1,0
258,1,87,12,1,0
259,1,87,13,1,0
260,1,87,52,1,0
261,4,84,39,1,0
262,4,84,40,1,0
263,4,84,41,1,0
264,4,84,42,1,0
265,4,84,57,1,0
266,2,5,39,1,0
267,2,5,40,1,0
268,2,5,41,1,0
269,2,5,42,1,0
270,2,5,57,1,0
271,1,65,39,1,0
272,1,65,40,1,0
273,1,65,41,1,0
274,1,65,42,1,0
275,1,65,57,1,0
276,2,15,39,1,0
277,2,15,40,1,0
278,2,15,41,1,0
279,2,15,42,1,0
280,2,15,57,1,0
281,1,33,39,1,0
282,1,33,40,1,0
283,1,33,41,1,0
284,1,33,42,1,0
285,1,33,57,1,0
286,1,68,43,1,0
287,1,68,44,1,0
288,1,68,45,1,0
289,1,68,46,1,0
290,1,68,47,1,0
291,1,68,48,1,0
292,1,68,49,1,0
293,1,68,58,1,0
294,4,9,43,1,0
295,4,9,44,1,0
296,4,9,45,1,0
297,4,9,46,1,0
298,4,9,47,1,0
299,4,9,48,1,0
300,4,9,49,1,0
301,4,9,58,1,0
302,1,20,43,1,0
303,1,20,44,1,0
304,1,20,45,1,0
305,1,20,46,1,0
306,1,20,47,1,0
307,1,20,48,1,0
308,1,20,49,1,0
309,1,20,58,1,0
310,4,75,14,1,0
311,4,75,15,1,0
312,4,75,16,1,0
313,4,75,53,1,0
314,5,75,29,1,0
315,5,75,30,1,0
316,5,75,31,1,0
317,5,75,32,1,0
318,5,75,33,1,0
319,5,75,34,1,0
320,5,75,35,1,0
321,5,75,36,1,0
322,5,75,37,1,0
323,5,75,38,1,0
324,5,75,56,1,0
325,2,63,10,1,0
326,2,63,11,1,0
327,2,63,12,1,0
328,2,63,13,1,0
329,2,63,52,1,0
330,2,63,1,1,0
331,2,63,2,1,0
332,2,63,50,1,0
333,2,63,39,1,0
334,2,63,40,1,0
335,2,63,41,1,0
336,2,63,42,1,0
337,2,63,57,1,0
338,3,63,3,1,0
339,3,63,4,1,0
340,3,63,5,1,0
341,3,63,6,1,0
342,3,63,7,1,0
343,3,63,8,1,0
344,3,63,9,1,0
345,3,63,51,1,0
346,5,63,3,1,0
347,5,63,4,1,0
348,5,63,5,1,0
349,5,63,6,1,0
350,5,63,7,1,0
351,5,63,8,1,0
352,5,63,9,1,0
353,5,63,51,1,0
354,5,63,1,1,0
355,5,63,2,1,0
356,5,63,50,1,0
357,2,49,1,1,0
358,2,49,2,1,0
359,2,49,50,1,0
360,3,49,3,1,0
361,3,49,4,1,0
362,3,49,5,1,0
363,3,49,6,1,0
364,3,49,7,1,0
365,3,49,8,1,0
366,3,49,9,1,0
367,3,49,51,1,0
368,4,28,14,1,0
369,4,28,15,1,0
370,4,28,16,1,0
371,4,28,53,1,0
372,5,28,10,1,0
373,5,28,11,1,0
374,5,28,12,1,0
375,5,28,13,1,0
376,5,28,52,1,0
377,2,80,39,1,0
378,2,80,40,1,0
379,2,80,41,1,0
380,2,80,42,1,0
381,2,80,57,1,0
382,2,80,1,1,0
383,2,80,2,1,0
384,2,80,50,1,0
385,3,80,1,1,0
386,3,80,2,1,0
387,3,80,50,1,0
388,4,80,29,1,0
389,4,80,30,1,0
390,4,80,31,1,0
391,4,80,32,1,0
392,4,80,33,1,0
393,4,80,34,1,0
394,4,80,35,1,0
395,4,80,36,1,0
396,4,80,37,1,0
397,4,80,38,1,0
398,4,80,56,1,0
399,5,29,39,1,0
400,5,29,40,1,0
401,5,29,41,1,0
402,5,29,42,1,0
403,5,29,57,1,0
404,2,52,3,1,0
405,2,52,4,1,0
406,2,52,5,1,0
407,2,52,6,1,0
408,2,52,7,1,0
409,2,52,8,1,0
410,2,52,9,1,0
411,2,52,51,1,0
412,3,30,29,1,0
413,3,30,30,1,0
414,3,30,31,1,0
415,3,30,32,1,0
416,3,30,33,1,0
417,3,30,34,1,0
418,3,30,35,1,0
419,3,30,36,1,0
420,3,30,37,1,0
421,3,30,38,1,0
422,3,30,56,1,0
423,2,44,39,1,0
424,2,44,40,1,0
425,2,44,41,1,0
426,2,44,42,1,0
427,2,44,57,1,0
428,2,44,14,1,0
429,2,44,15,1,0
430,2,44,16,1,0
431,2,44,53,1,0
432,4,44,14,1,0
433,4,44,15,1,0
434,4,44,16,1,0
435,4,44,53,1,0
436,2,69,14,2,0
437,2,69,15,2,0
438,2,69,16,2,0
439,2,69,53,2,0
440,3,69,1,1,0
441,3,69,2,1,0
442,3,69,50,1,0
443,2,46,10,1,0
444,2,46,11,1,0
445,2,46,12,1,0
446,2,46,13,1,0
447,2,46,52,1,0
448,3,46,24,1,0
449,3,46,25,1,0
450,3,46,26,1,0
451,3,46,27,1,0
452,3,46,28,1,0
453,3,46,55,1,0
454,4,46,10,1,0
455,4,46,11,1,0
456,4,46,12,1,0
457,4,46,13,1,0
458,4,46,52,1,0
459,5,46,1,1,0
460,5,46,2,1,0
461,5,46,50,1,0
462,3,37,24,1,0
463,3,37,25,1,0
464,3,37,26,1,0
465,3,37,27,1,0
466,3,37,28,1,0
467,3,37,55,1,0
468,3,37,10,1,0
469,3,37,11,1,0
470,3,37,12,1,0
471,3,37,13,1,0
472,3,37,52,1,0
473,4,37,29,1,0
474,4,37,30,1,0
475,4,37,31,1,0
476,4,37,32,1,0
477,4,37,33,1,0
478,4,37,34,1,0
479,4,37,35,1,0
480,4,37,36,1,0
481,4,37,37,1,0
482,4,37,38,1,0
483,4,37,56,1,0
484,3,38,14,1,0
485,3,38,15,1,0
486,3,38,16,1,0
487,3,38,53,1,0
488,4,38,39,1,0
489,4,38,40,1,0
490,4,38,41,1,0
491,4,38,42,1,0
492,4,38,57,1,0
493,4,38,10,1,0
494,4,38,11,1,0
495,4,38,12,1,0
496,4,38,13,1,0
497,4,38,52,1,0
498,4,39,14,1,0
499,4,39,15,1,0
500,4,39,16,1,0
501,4,39,53,1,0
502,4,39,1,1,0
503,4,39,2,1,0
504,4,39,50,1,0
505,2,67,39,1,0
506,2,67,40,1,0
507,2,67,41,1,0
508,2,67,42,1,0
509,2,67,57,1,0
510,3,67,14,1,0
511,3,67,15,1,0
512,3,67,16,1,0
513,3,67,53,1,0
514,2,66,14,1,0
515,2,66,15,1,0
516,2,66,16,1,0
517,2,66,53,1,0
518,5,41,24,1,0
519,5,41,25,1,0
520,5,41,26,1,0
521,5,41,27,1,0
522,5,41,28,1,0
523,5,41,55,1,0
524,5,41,17,1,0
525,5,41,18,1,0
526,5,41,19,1,0
527,5,41,20,1,0
528,5,41,21,1,0
529,5,41,22,1,0
530,5,41,23,1,0
531,5,41,54,1,0
532,2,81,1,1,0
533,2,81,2,1,0
534,2,81,50,1,0
535,3,48,3,1,0
536,3,48,4,1,0
537,3,48,5,1,0
538,3,48,6,1,0
539,3,48,7,1,0
540,3,48,8,1,0
541,3,48,9,1,0
542,3,48,51,1,0
543,3,48,24,1,0
544,3,48,25,1,0
545,3,48,26,1,0
546,3,48,27,1,0
547,3,48,28,1,0
548,3,48,55,1,0
549,4,51,10,1,0
550,4,51,11,1,0
551,4,51,12,1,0
552,4,51,13,1,0
553,4,51,52,1,0
554,4,51,3,1,0
555,4,51,4,1,0
556,4,51,5,1,0
557,4,51,6,1,0
558,4,51,7,1,0
559,4,51,8,1,0
560,4,51,9,1,0
561,4,51,51,1,0
562,3,86,39,1,0
563,3,86,40,1,0
564,3,86,41,1,0
565,3,86,42,1,0
566,3,86,57,1,0
567,3,86,3,1,0
568,3,86,4,1,0
569,3,86,5,1,0
570,3,86,6,1,0
571,3,86,7,1,0
572,3,86,8,1,0
573,3,86,9,1,0
574,3,86,51,1,0
575,5,86,14,1,0
576,5,86,15,1,0
577,5,86,16,1,0
578,5,86,53,1,0
579,5,86,24,1,0
580,5,86,25,1,0
581,5,86,26,1,0
582,5,86,27,1,0
583,5,86,28,1,0
584,5,86,55,1,0
585,3,55,39,1,0
586,3,55,40,1,0
587,3,55,41,1,0
588,3,55,42,1,0
589,3,55,57,1,0
590,4,55,14,1,0
591,4,55,15,1,0
592,4,55,16,1,0
593,4,55,53,1,0
594,4,58,29,1,0
595,4,58,30,1,0
596,4,58,31,1,0
597,4,58,32,1,0
598,4,58,33,1,0
599,4,58,34,1,0
600,4,58,35,1,0
601,4,58,36,1,0
602,4,58,37,1,0
603,4,58,38,1,0
604,4,58,56,1,0
605,5,58,39,1,0
606,5,58,40,1,0
607,5,58,41,1,0
608,5,58,42,1,0
609,5,58,57,1,0
610,5,59,29,1,0
611,5,59,30,1,0
612,5,59,31,1,0
613,5,59,32,1,0
614,5,59,33,1,0
615,5,59,34,1,0
616,5,59,35,1,0
617,5,59,36,1,0
618,5,59,37,1,0
619,5,59,38,1,0
620,5,59,56,1,0
621,4,60,29,1,0
622,4,60,30,1,0
623,4,60,31,1,0
624,4,60,32,1,0
625,4,60,33,1,0
626,4,60,34,1,0
627,4,60,35,1,0
628,4,60,36,1,0
629,4,60,37,1,0
630,4,60,38,1,0
631,4,60,56,1,0
632,3,77,39,1,0
633,3,77,40,1,0
634,3,77,41,1,0
635,3,77,42,1,0
636,3,77,57,1,0
637,4,71,43,1,0
638,4,71,44,1,0
639,4,71,45,1,0
640,4,71,46,1,0
641,4,71,47,1,0
642,4,71,48,1,0
643,4,71,49,1,0
644,4,71,58,1,0
645,5,72,17,1,0
646,5,72,18,1,0
647,5,72,19,1,0
648,5,72,20,1,0
649,5,72,21,1,0
650,5,72,22,1,0
651,5,72,23,1,0
652,5,72,54,1,0
653,4,73,29,1,0
654,4,73,30,1,0
655,4,73,31,1,0
656,4,73,32,1,0
657,4,73,33,1,0
658,4,73,34,1,0
659,4,73,35,1,0
660,4,73,36,1,0
661,4,73,37,1,0
662,4,73,38,1,0
663,4,73,56,1,0
664,5,83,29,1,0
665,5,83,30,1,0
666,5,83,31,1,0
667,5,83,32,1,0
668,5,83,33,1,0
669,5,83,34,1,0
670,5,83,35,1,0
671,5,83,36,1,0
672,5,83,37,1,0
673,5,83,38,1,0
674,5,83,56,1,0
675,6,75,39,1,0
676,6,75,40,1,0
677,6,75,41,1,0
678,6,75,42,1,0
679,6,75,57,1,0
680,6,14,24,1,0
681,6,14,25,1,0
682,6,14,26,1,0
683,6,14,27,1,0
684,6,14,28,1,0
685,6,14,55,1,0
686,6,41,1,1,0
687,6,41,2,1,0
688,6,41,50,1,0
689,6,62,17,1,0
690,6,62,18,1,0
691,6,62,19,1,0
692,6,62,20,1,0
693,6,62,21,1,0
694,6,62,22,1,0
695,6,62,23,1,0
696,6,62,54,1,0
697,6,37,14,1,0
698,6,37,15,1,0
699,6,37,16,1,0
700,6,37,53,1,0
701,6,91,1,1,0
702,6,91,2,1,0
703,6,91,50,1,0
704,6,36,10,1,0
705,6,36,11,1,0
706,6,36,12,1,0
707,6,36,13,1,0
708,6,36,52,1,0
709,6,51,1,1,0
710,6,51,2,1,0
711,6,51,50,1,0
712,6,72,1,1,0
713,6,72,2,1,0
714,6,72,50,1,0
715,6,24,17,1,0
716,6,24,18,1,0
717,6,24,19,1,0
718,6,24,20,1,0
719,6,24,21,1,0
720,6,24,22,1,0
721,6,24,23,1,0
722,6,24,54,1,0
723,6,61,3,1,0
724,6,61,4,1,0
725,6,61,5,1,0
726,6,61,6,1,0
727,6,61,7,1,0
728,6,61,8,1,0
729,6,61,9,1,0
730,6,61,51,1,0
731,6,37,39,1,0
732,6,37,40,1,0
733,6,37,41,1,0
734,6,37,42,1,0
735,6,37,57,1,0
736,6,46,10,1,0
737,6,46,11,1,0
738,6,46,12,1,0
739,6,46,13,1,0
740,6,46,52,1,0
741,6,20,14,1,0
742,6,20,15,1,0
743,6,20,16,1,0
744,6,20,53,1,0
745,6,4,39,1,0
746,6,4,40,1,0
747,6,4,41,1,0
748,6,4,42,1,0
749,6,4,57,1,0
750,6,5,10,1,0
751,6,5,11,1,0
752,6,5,12,1,0
753,6,5,13,1,0
754,6,5,52,1,0
755,6,75,1,1,0
756,6,75,2,1,0
757,6,75,50,1,0
758,6,21,43,1,0
759,6,21,44,1,0
760,6,21,45,1,0
761,6,21,46,1,0
762,6,21,47,1,0
763,6,21,48,1,0
764,6,21,49,1,0
765,6,21,58,1,0
766,6,70,1,1,0
767,6,70,2,1,0
768,6,70,50,1,0
769,6,72,3,1,0
770,6,72,4,1,0
771,6,72,5,1,0
772,6,72,6,1,0
773,6,72,7,1,0
774,6,72,8,1,0
775,6,72,9,1,0
776,6,72,51,1,0
777,6,10,14,1,0
778,6,10,15,1,0
779,6,10,16,1,0
780,6,10,53,1,0
781,6,20,24,1,0
782,6,20,25,1,0
783,6,20,26,1,0
784,6,20,27,1,0
785,6,20,28,1,0
786,6,20,55,1,0
787,6,17,10,1,0
788,6,17,11,1,0
789,6,17,12,1,0
790,6,17,13,1,0
791,6,17,52,1,0
792,6,59,3,1,0
793,6,59,4,1,0
794,6,59,5,1,0
795,6,59,6,1,0
796,6,59,7,1,0
797,6,59,8,1,0
798,6,59,9,1,0
799,6,59,51,1,0
800,6,71,1,1,0
801,6,71,2,1,0
802,6,71,50,1,0
803,6,36,1,1,0
804,6,36,2,1,0
805,6,36,50,1,0
806,6,35,24,1,0
807,6,35,25,1,0
808,6,35,26,1,0
809,6,35,27,1,0
810,6,35,28,1,0
811,6,35,55,1,0
812,6,25,1,1,0
813,6,25,2,1,0
814,6,25,50,1,0
815,6,60,17,1,0
816,6,60,18,1,0
817,6,60,19,1,0
818,6,60,20,1,0
819,6,60,21,1,0
820,6,60,22,1,0
821,6,60,23,1,0
822,6,60,54,1,0
823,6,71,3,1,0
824,6,71,4,1,0
825,6,71,5,1,0
826,6,71,6,1,0
827,6,71,7,1,0
828,6,71,8,1,0
829,6,71,9,1,0
830,6,71,51,1,0
831,6,83,39,1,0
832,6,83,40,1,0
833,6,83,41,1,0
834,6,83,42,1,0
835,6,83,57,1,0
836,7,19,1,1,0
837,7,19,2,1,0
838,7,19,50,1,0
839,7,65,1,1,0
840,7,65,2,1,0
841,7,65,50,1,0
842,7,20,39,1,0
843,7,20,40,1,0
844,7,20,41,1,0
845,7,20,42,1,0
846,7,20,57,1,0
847,7,20,14,2,0
848,7,20,15,2,0
849,7,20,16,2,0
850,7,20,53,2,0
851,7,49,3,1,0
852,7,49,4,1,0
853,7,49,5,1,0
854,7,49,6,1,0
855,7,49,7,1,0
856,7,49,8,1,0
857,7,49,9,1,0
858,7,49,51,1,0
859,7,47,1,1,0
860,7,47,2,1,0
861,7,47,50,1,0
862,7,62,29,1,0
863,7,62,30,1,0
864,7,62,31,1,0
865,7,62,32,1,0
866,7,62,33,1,0
867,7,62,34,1,0
868,7,62,35,1,0
869,7,62,36,1,0
870,7,62,37,1,0
871,7,62,38,1,0
872,7,62,56,1,0
873,7,56,3,1,0
874,7,56,4,1,0
875,7,56,5,1,0
876,7,56,6,1,0
877,7,56,7,1,0
878,7,56,8,1,0
879,7,56,9,1,0
880,7,56,51,1,0
881,7,23,39,1,0
882,7,23,40,1,0
883,7,23,41,1,0
884,7,23,42,1,0
885,7,23,57,1,0
886,7,54,10,1,0
887,7,54,11,1,0
888,7,54,12,1,0
889,7,54,13,1,0
890,7,54,52,1,0
891,7,10,10,1,0
892,7,10,11,1,0
893,7,10,12,1,0
894,7,10,13,1,0
895,7,10,52,1,0
896,7,10,43,1,0
897,7,10,44,1,0
898,7,10,45,1,0
899,7,10,46,1,0
900,7,10,47,1,0
901,7,10,48,1,0
902,7,10,49,1,0
903,7,10,58,1,0
904,7,87,39,2,0
905,7,87,40,2,0
906,7,87,41,2,0
907,7,87,42,2,0
908,7,87,57,2,0
909,7,41,10,1,0
910,7,41,11,1,0
911,7,41,12,1,0
912,7,41,13,1,0
913,7,41,52,1,0
914,7,21,3,1,0
915,7,21,4,1,0
916,7,21,5,1,0
917,7,21,6,1,0
918,7,21,7,1,0
919,7,21,8,1,0
920,7,21,9,1,0
921,7,21,51,1,0
922,7,36,10,1,0
923,7,36,11,1,0
924,7,36,12,1,0
925,7,36,13,1,0
926,7,36,52,1,0
927,7,73,14,1,0
928,7,73,15,1,0
929,7,73,16,1,0
930,7,73,53,1,0
931,7,63,14,1,0
932,7,63,15,1,0
933,7,63,16,1,0
934,7,63,53,1,0
935,7,68,14,1,0
936,7,68,15,1,0
937,7,68,16,1,0
938,7,68,53,1,0
939,7,88,10,1,0
940,7,88,11,1,0
941,7,88,12,1,0
942,7,88,13,1,0
943,7,88,52,1,0
944,7,61,39,1,0
945,7,61,40,1,0
946,7,61,41,1,0
947,7,61,42,1,0
948,7,61,57,1,0
949,7,27,3,1,0
950,7,27,4,1,0
951,7,27,5,1,0
952,7,27,6,1,0
953,7,27,7,1,0
954,7,27,8,1,0
955,7,27,9,1,0
956,7,27,51,1,0
957,7,31,24,1,0
958,7,31,25,1,0
959,7,31,26,1,0
960,7,31,27,1,0
961,7,31,28,1,0
962,7,31,55,1,0
963,7,51,29,1,0
964,7,51,30,1,0
965,7,51,31,1,0
966,7,51,32,1,0
967,7,51,33,1,0
968,7,51,34,1,0
969,7,51,35,1,0
970,7,51,36,1,0
971,7,51,37,1,0
972,7,51,38,1,0
973,7,51,56,1,0
974,7,41,24,1,0
975,7,41,25,1,0
976,7,41,26,1,0
977,7,41,27,1,0
978,7,41,28,1,0
979,7,41,55,1,0
980,7,29,14,1,0
981,7,29,15,1,0
982,7,29,16,1,0
983,7,29,53,1,0
984,7,59,14,1,0
985,7,59,15,1,0
986,7,59,16,1,0
987,7,59,53,1,0
988,7,66,29,1,0
989,7,66,30,1,0
990,7,66,31,1,0
991,7,66,32,1,0
992,7,66,33,1,0
993,7,66,34,1,0
994,7,66,35,1,0
995,7,66,36,1,0
996,7,66,37,1,0
997,7,66,38,1,0
998,7,66,56,1,0
999,7,37,10,1,0
1000,7,37,11,1,0
1001,7,37,12,1,0
1002,7,37,13,1,0
1003,7,37,52,1,0
1004,7,10,14,1,0
1005,7,10,15,1,0
1006,7,10,16,1,0
1007,7,10,53,1,0
1008,7,75,10,1,0
1009,7,75,11,1,0
1010,7,75,12,1,0
1011,7,75,13,1,0
1012,7,75,52,1,0
1013,8,60,10,1,0
1014,8,60,11,1,0
1015,8,60,12,1,0
1016,8,60,13,1,0
1017,8,60,52,1,0
1018,8,24,10,1,0
1019,8,24,11,1,0
1020,8,24,12,1,0
1021,8,24,13,1,0
1022,8,24,52,1,0
1023,8,16,39,1,0
1024,8,16,40,1,0
1025,8,16,41,1,0
1026,8,16,42,1,0
1027,8,16,57,1,0
1028,8,7,10,2,0
1029,8,7,11,2,0
1030,8,7,12,2,0
1031,8,7,13,2,0
1032,8,7,52,2,0
1033,8,87,39,2,0
1034,8,87,40,2,0
1035,8,87,41,2,0
1036,8,87,42,2,0
1037,8,87,57,2,0
1038,8,79,10,1,0
1039,8,79,11,1,0
1040,8,79,12,1,0
1041,8,79,13,1,0
1042,8,79,52,1,0
1043,8,51,24,1,0
1044,8,51,25,1,0
1045,8,51,26,1,0
1046,8,51,27,1,0
1047,8,51,28,1,0
1048,8,51,55,1,0
1049,8,71,14,1,0
1050,8,71,15,1,0
1051,8,71,16,1,0
1052,8,71,53,1,0
1053,8,55,10,1,0
1054,8,55,11,1,0
1055,8,55,12,1,0
1056,8,55,13,1,0
1057,8,55,52,1,0
1058,8,20,10,1,0
1059,8,20,11,1,0
1060,8,20,12,1,0
1061,8,20,13,1,0
1062,8,20,52,1,0
1063,8,66,39,1,0
1064,8,66,40,1,0
1065,8,66,41,1,0
1066,8,66,42,1,0
1067,8,66,57,1,0
1068,8,5,10,2,0
1069,8,5,11,2,0
1070,8,5,12,2,0
1071,8,5,13,2,0
1072,8,5,52,2,0
1073,8,79,24,1,0
1074,8,79,25,1,0
1075,8,79,26,1,0
1076,8,79,27,1,0
1077,8,79,28,1,0
1078,8,79,55,1,0
1079,8,67,14,1,0
1080,8,67,15,1,0
1081,8,67,16,1,0
1082,8,67,53,1,0
1083,8,64,14,1,0
1084,8,64,15,1,0
1085,8,64,16,1,0
1086,8,64,53,1,0
1087,8,84,39,1,0
1088,8,84,40,1,0
1089,8,84,41,1,0
1090,8,84,42,1,0
1091,8,84,57,1,0
1092,8,63,14,1,0
1093,8,63,15,1,0
1094,8,63,16,1,0
1095,8,63,53,1,0
1096,8,71,39,1,0
1097,8,71,40,1,0
1098,8,71,41,1,0
1099,8,71,42,1,0
1100,8,71,57,1,0
1101,8,4,1,1,0
1102,8,4,2,1,0
1103,8,4,50,1,0
1104,8,41,14,1,0
1105,8,41,15,1,0
1106,8,41,16,1,0
1107,8,41,53,1,0
1108,8,39,39,1,0
1109,8,39,40,1,0
1110,8,39,41,1,0
1111,8,39,42,1,0
1112,8,39,57,1,0
1113,8,39,3,1,0
1114,8,39,4,1,0
1115,8,39,5,1,0
1116,8,39,6,1,0
1117,8,39,7,1,0
1118,8,39,8,1,0
1119,8,39,9,1,0
1120,8,39,51,1,0
1121,8,76,29,1,0
1122,8,76,30,1,0
1123,8,76,31,1,0
1124,8,76,32,1,0
1125,8,76,33,1,0
1126,8,76,34,1,0
1127,8,76,35,1,0
1128,8,76,36,1,0
1129,8,76,37,1,0
1130,8,76,38,1,0
1131,8,76,56,1,0
1132,8,84,14,1,0
1133,8,84,15,1,0
1134,8,84,16,1,0
1135,8,84,53,1,0
1136,8,24,39,1,0
1137,8,24,40,1,0
1138,8,24,41,1,0
1139,8,24,42,1,0
1140,8,24,57,1,0
1141,8,46,1,1,0
1142,8,46,2,1,0
1143,8,46,50,1,0
1144,9,16,3,1,0
1145,9,16,4,1,0
1146,9,16,5,1,0
1147,9,16,6,1,0
1148,9,16,7,1,0
1149,9,16,8,1,0
1150,9,16,9,1,0
1151,9,16,51,1,0
1152,9,76,17,1,0
1153,9,76,18,1,0
1154,9,76,19,1,0
1155,9,76,20,1,0
1156,9,76,21,1,0
1157,9,76,22,1,0
1158,9,76,23,1,0
1159,9,76,54,1,0
1160,9,28,14,1,0
1161,9,28,15,1,0
1162,9,28,16,1,0
1163,9,28,53,1,0
1164,9,83,1,1,0
1165,9,83,2,1,0
1166,9,83,50,1,0
1167,9,15,14,1,0
1168,9,15,15,1,0
1169,9,15,16,1,0
1170,9,15,53,1,0
1171,9,49,39,1,0
1172,9,49,40,1,0
1173,9,49,41,1,0
1174,9,49,42,1,0
1175,9,49,57,1,0
1176,9,39,10,1,0
1177,9,39,11,1,0
1178,9,39,12,1,0
1179,9,39,13,1,0
1180,9,39,52,1,0
1181,9,89,1,1,0
1182,9,89,2,1,0
1183,9,89,50,1,0
1184,9,9,14,1,0
1185,9,9,15,1,0
1186,9,9,16,1,0
1187,9,9,53,1,0
1188,9,11,3,1,0
1189,9,11,4,1,0
1190,9,11,5,1,0
1191,9,11,6,1,0
1192,9,11,7,1,0
1193,9,11,8,1,0
1194,9,11,9,1,0
1195,9,11,51,1,0
1196,9,72,39,1,0
1197,9,72,40,1,0
1198,9,72,41,1,0
1199,9,72,42,1,0
1200,9,72,57,1,0
1201,9,38,1,1,0
1202,9,38,2,1,0
1203,9,38,50,1,0
1204,9,58,17,1,0
1205,9,58,18,1,0
1206,9,58,19,1,0
1207,9,58,20,1,0
1208,9,58,21,1,0
1209,9,58,22,1,0
1210,9,58,23,1,0
1211,9,58,54,1,0
1212,9,76,43,1,0
1213,9,76,44,1,0
1214,9,76,45,1,0
1215,9,76,46,1,0
1216,9,76,47,1,0
1217,9,76,48,1,0
1218,9,76,49,1,0
1219,9,76,58,1,0
1220,9,35,39,1,0
1221,9,35,40,1,0
1222,9,35,41,1,0
1223,9,35,42,1,0
1224,9,35,57,1,0
1225,9,60,17,1,0
1226,9,60,18,1,0
1227,9,60,19,1,0
1228,9,60,20,1,0
1229,9,60,21,1,0
1230,9,60,22,1,0
1231,9,60,23,1,0
1232,9,60,54,1,0
1233,9,84,3,1,0
1234,9,84,4,1,0
1235,9,84,5,1,0
1236,9,84,6,1,0
1237,9,84,7,1,0
1238,9,84,8,1,0
1239,9,84,9,1,0
1240,9,84,51,1,0
1241,9,65,10,1,0
1242,9,65,11,1,0
1243,9,65,12,1,0
1244,9,65,13,1,0
1245,9,65,52,1,0
1246,9,23,24,1,0
1247,9,23,25,1,0
1248,9,23,26,1,0
1249,9,23,27,1,0
1250,9,23,28,1,0
1251,9,23,55,1,0
1252,9,67,39,1,0
1253,9,67,40,1,0
1254,9,67,41,1,0
1255,9,67,42,1,0
1256,9,67,57,1,0
1257,9,43,1,1,0
1258,9,43,2,1,0
1259,9,43,50,1,0
1260,9,89,29,1,0
1261,9,89,30,1,0
1262,9,89,31,1,0
1263,9,89,32,1,0
1264,9,89,33,1,0
1265,9,89,34,1,0
1266,9,89,35,1,0
1267,9,89,36,1,0
1268,9,89,37,1,0
1269,9,89,38,1,0
1270,9,89,56,1,0
1271,9,11,10,1,0
1272,9,11,11,1,0
1273,9,11,12,1,0
1274,9,11,13,1,0
1275,9,11,52,1,0
1276,9,47,14,1,0
1277,9,47,15,1,0
1278,9,47,16,1,0
1279,9,47,53,1,0
1280,9,35,1,1,0
1281,9,35,2,1,0
1282,9,35,50,1,0
1283,9,62,3,1,0
1284,9,62,4,1,0
1285,9,62,5,1,0
1286,9,62,6,1,0
1287,9,62,7,1,0
1288,9,62,8,1,0
1289,9,62,9,1,0
1290,9,62,51,1,0
1291,9,25,39,1,0
1292,9,25,40,1,0
1293,9,25,41,1,0
1294,9,25,42,1,0
1295,9,25,57,1,0
1296,9,59,24,1,0
1297,9,59,25,1,0
1298,9,59,26,1,0
1299,9,59,27,1,0
1300,9,59,28,1,0
1301,9,59,55,1,0
1302,9,35,29,1,0
1303,9,35,30,1,0
1304,9,35,31,1,0
1305,9,35,32,1,0
1306,9,35,33,1,0
1307,9,35,34,1,0
1308,9,35,35,1,0
1309,9,35,36,1,0
1310,9,35,37,1,0
1311,9,35,38,1,0
1312,9,35,56,1,0
1313,9,28,39,1,0
1314,9,28,40,1,0
1315,9,28,41,1,0
1316,9,28,42,1,0
1317,9,28,57,1,0
1318,10,10,10,1,0
1319,10,10,11,1,0
1320,10,10,12,1,0
1321,10,10,13,1,0
1322,10,10,52,1,0
1323,10,41,14,1,0
1324,10,41,15,1,0
1325,10,41,16,1,0
1326,10,41,53,1,0
1327,10,15,14,1,0
1328,10,15,15,1,0
1329,10,15,16,1,0
1330,10,15,53,1,0
1331,10,42,10,1,0
1332,10,42,11,1,0
1333,10,42,12,1,0
1334,10,42,13,1,0
1335,10,42,52,1,0
1336,10,81,29,1,0
1337,10,81,30,1,0
1338,10,81,31,1,0
1339,10,81,32,1,0
1340,10,81,33,1,0
1341,10,81,34,1,0
1342,10,81,35,1,0
1343,10,81,36,1,0
1344,10,81,37,1,0
1345,10,81,38,1,0
1346,10,81,56,1,0
1347,10,44,29,1,0
1348,10,44,30,1,0
1349,10,44,31,1,0
1350,10,44,32,1,0
1351,10,44,33,1,0
1352,10,44,34,1,0
1353,10,44,35,1,0
1354,10,44,36,1,0
1355,10,44,37,1,0
1356,10,44,38,1,0
1357,10,44,56,1,0
1358,10,35,39,1,0
1359,10,35,40,1,0
1360,10,35,41,1,0
1361,10,35,42,1,0
1362,10,35,57,1,0
1363,10,46,14,1,0
1364,10,46,15,1,0
1365,10,46,16,1,0
1366,10,46,53,1,0
1367,10,41,24,1,0
1368,10,41,25,1,0
1369,10,41,26,1,0
1370,10,41,27,1,0
1371,10,41,28,1,0
1372,10,41,55,1,0
1373,10,6,43,1,0
1374,10,6,44,1,0
1375,10,6,45,1,0
1376,10,6,46,1,0
1377,10,6,47,1,0
1378,10,6,48,1,0
1379,10,6,49,1,0
1380,10,6,58,1,0
1381,10,58,3,1,0
1382,10,58,4,1,0
1383,10,58,5,1,0
1384,10,58,6,1,0
1385,10,58,7,1,0
1386,10,58,8,1,0
1387,10,58,9,1,0
1388,10,58,51,1,0
1389,10,37,24,1,0
1390,10,37,25,1,0
1391,10,37,26,1,0
1392,10,37,27,1,0
1393,10,37,28,1,0
1394,10,37,55,1,0
1395,10,89,14,1,0
1396,10,89,15,1,0
1397,10,89,16,1,0
1398,10,89,53,1,0
1399,10,51,10,1,0
1400,10,51,11,1,0
1401,10,51,12,1,0
1402,10,51,13,1,0
1403,10,51,52,1,0
1404,10,39,43,1,0
1405,10,39,44,1,0
1406,10,39,45,1,0
1407,10,39,46,1,0
1408,10,39,47,1,0
1409,10,39,48,1,0
1410,10,39,49,1,0
1411,10,39,58,1,0
1412,10,3,29,1,0
1413,10,3,30,1,0
1414,10,3,31,1,0
1415,10,3,32,1,0
1416,10,3,33,1,0
1417,10,3,34,1,0
1418,10,3,35,1,0
1419,10,3,36,1,0
1420,10,3,37,1,0
1421,10,3,38,1,0
1422,10,3,56,1,0
1423,10,56,1,1,0
1424,10,56,2,1,0
1425,10,56,50,1,0
1426,10,6,14,1,0
1427,10,6,15,1,0
1428,10,6,16,1,0
1429,10,6,53,1,0
1430,10,71,24,1,0
1431,10,71,25,1,0
1432,10,71,26,1,0
1433,10,71,27,1,0
1434,10,71,28,1,0
1435,10,71,55,1,0
1436,10,9,14,1,0
1437,10,9,15,1,0
1438,10,9,16,1,0
1439,10,9,53,1,0
1440,10,21,29,1,0
1441,10,21,30,1,0
1442,10,21,31,1,0
1443,10,21,32,1,0
1444,10,21,33,1,0
1445,10,21,34,1,0
1446,10,21,35,1,0
1447,10,21,36,1,0
1448,10,21,37,1,0
1449,10,21,38,1,0
1450,10,21,56,1,0
1451,10,86,29,1,0
1452,10,86,30,1,0
1453,10,86,31,1,0
1454,10,86,32,1,0
1455,10,86,33,1,0
1456,10,86,34,1,0
1457,10,86,35,1,0
1458,10,86,36,1,0
1459,10,86,37,1,0
1460,10,86,38,1,0
1461,10,86,56,1,0
1462,10,20,10,1,0
1463,10,20,11,1,0
1464,10,20,12,1,0
1465,10,20,13,1,0
1466,10,20,52,1,0
1467,10,63,3,1,0
1468,10,63,4,1,0
1469,10,63,5,1,0
1470,10,63,6,1,0
1471,10,63,7,1,0
1472,10,63,8,1,0
1473,10,63,9,1,0
1474,10,63,51,1,0
1475,10,37,3,1,0
1476,10,37,4,1,0
1477,10,37,5,1,0
1478,10,37,6,1,0
1479,10,37,7,1,0
1480,10,37,8,1,0
1481,10,37,9,1,0
1482,10,37,51,1,0
1483,10,53,10,1,0
1484,10,53,11,1,0
1485,10,53,12,1,0
1486,10,53,13,1,0
1487,10,53,52,1,0
1488,10,80,14,1,0
1489,10,80,15,1,0
1490,10,80,16,1,0
1491,10,80,53,1,0
1492,10,14,24,1,0
1493,10,14,25,1,0
1494,10,14,26,1,0
1495,10,14,27,1,0
1496,10,14,28,1,0
1497,10,14,55,1,0
1498,10,70,29,1,0
1499,10,70,30,1,0
1500,10,70,31,1,0
1501,10,70,32,1,0
1502,10,70,33,1,0
1503,10,70,34,1,0
1504,10,70,35,1,0
1505,10,70,36,1,0
1506,10,70,37,1,0
1507,10,70,38,1,0
1508,10,70,56,1,0
1509,10,12,39,1,0
1510,10,12,40,1,0
1511,10,12,41,1,0
1512,10,12,42,1,0
1513,10,12,57,1,0
1514,10,44,14,1,0
1515,10,44,15,1,0
1516,10,44,16,1,0
1517,10,44,53,1,0
1518,11,72,29,1,0
1519,11,72,30,1,0
1520,11,72,31,1,0
1521,11,72,32,1,0
1522,11,72,33,1,0
1523,11,72,34,1,0
1524,11,72,35,1,0
1525,11,72,36,1,0
1526,11,72,37,1,0
1527,11,72,38,1,0
1528,11,72,56,1,0
1529,11,5,1,1,0
1530,11,5,2,1,0
1531,11,5,50,1,0
1532,11,9,1,1,0
1533,11,9,2,1,0
1534,11,9,50,1,0
1535,11,87,14,1,0
1536,11,87,15,1,0
1537,11,87,16,1,0
1538,11,87,53,1,0
1539,11,63,29,1,0
1540,11,63,30,1,0
1541,11,63,31,1,0
1542,11,63,32,1,0
1543,11,63,33,1,0
1544,11,63,34,1,0
1545,11,63,35,1,0
1546,11,63,36,1,0
1547,11,63,37,1,0
1548,11,63,38,1,0
1549,11,63,56,1,0
1550,11,32,24,1,0
1551,11,32,25,1,0
1552,11,32,26,1,0
1553,11,32,27,1,0
1554,11,32,28,1,0
1555,11,32,55,1,0
1556,11,50,17,1,0
1557,11,50,18,1,0
1558,11,50,19,1,0
1559,11,50,20,1,0
1560,11,50,21,1,0
1561,11,50,22,1,0
1562,11,50,23,1,0
1563,11,50,54,1,0
1564,11,59,10,1,0
1565,11,59,11,1,0
1566,11,59,12,1,0
1567,11,59,13,1,0
1568,11,59,52,1,0
1569,11,54,29,1,0
1570,11,54,30,1,0
1571,11,54,31,1,0
1572,11,54,32,1,0
1573,11,54,33,1,0
1574,11,54,34,1,0
1575,11,54,35,1,0
1576,11,54,36,1,0
1577,11,54,37,1,0
1578,11,54,38,1,0
1579,11,54,56,1,0
1580,11,19,29,1,0
1581,11,19,30,1,0
1582,11,19,31,1,0
1583,11,19,32,1,0
1584,11,19,33,1,0
1585,11,19,34,1,0
1586,11,19,35,1,0
1587,11,19,36,1,0
1588,11,19,37,1,0
1589,11,19,38,1,0
1590,11,19,56,1,0
1591,11,24,39,1,0
1592,11,24,40,1,0
1593,11,24,41,1,0
1594,11,24,42,1,0
1595,11,24,57,1,0
1596,11,44,39,1,0
1597,11,44,40,1,0
1598,11,44,41,1,0
1599,11,44,42,1,0
1600,11,44,57,1,0
1601,11,3,14,1,0
1602,11,3,15,1,0
1603,11,3,16,1,0
1604,11,3,53,1,0
1605,11,44,10,1,0
1606,11,44,11,1,0
1607,11,44,12,1,0
1608,11,44,13,1,0
1609,11,44,52,1,0
1610,11,68,1,1,0
1611,11,68,2,1,0
1612,11,68,50,1,0
1613,11,11,43,1,0
1614,11,11,44,1,0
1615,11,11,45,1,0
1616,11,11,46,1,0
1617,11,11,47,1,0
1618,11,11,48,1,0
1619,11,11,49,1,0
1620,11,11,58,1,0
1621,11,11,24,1,0
1622,11,11,25,1,0
1623,11,11,26,1,0
1624,11,11,27,1,0
1625,11,11,28,1,0
1626,11,11,55,1,0
1627,11,63,10,1,0
1628,11,63,11,1,0
1629,11,63,12,1,0
1630,11,63,13,1,0
1631,11,63,52,1,0
1632,11,34,3,1,0
1633,11,34,4,1,0
1634,11,34,5,1,0
1635,11,34,6,1,0
1636,11,34,7,1,0
1637,11,34,8,1,0
1638,11,34,9,1,0
1639,11,34,51,1,0
1640,11,39,1,1,0
1641,11,39,2,1,0
1642,11,39,50,1,0
1643,11,46,39,1,0
1644,11,46,40,1,0
1645,11,46,41,1,0
1646,11,46,42,1,0
1647,11,46,57,1,0
1648,11,48,14,1,0
1649,11,48,15,1,0
1650,11,48,16,1,0
1651,11,48,53,1,0
1652,11,43,39,1,0
1653,11,43,40,1,0
1654,11,43,41,1,0
1655,11,43,42,1,0
1656,11,43,57,1,0
1657,11,84,1,1,0
1658,11,84,2,1,0
1659,11,84,50,1,0
1660,11,72,10,1,0
1661,11,72,11,1,0
1662,11,72,12,1,0
1663,11,72,13,1,0
1664,11,72,52,1,0
1665,11,79,10,1,0
1666,11,79,11,1,0
1667,11,79,12,1,0
1668,11,79,13,1,0
1669,11,79,52,1,0
1670,11,63,17,1,0
1671,11,63,18,1,0
1672,11,63,19,1,0
1673,11,63,20,1,0
1674,11,63,21,1,0
1675,11,63,22,1,0
1676,11,63,23,1,0
1677,11,63,54,1,0
1678,11,30,29,1,0
1679,11,30,30,1,0
1680,11,30,31,1,0
1681,11,30,32,1,0
1682,11,30,33,1,0
1683,11,30,34,1,0
1684,11,30,35,1,0
1685,11,30,36,1,0
1686,11,30,37,1,0
1687,11,30,38,1,0
1688,11,30,56,1,0
1689,11,28,14,1,0
1690,11,28,15,1,0
1691,11,28,16,1,0
1692,11,28,53,1,0
1693,11,35,3,1,0
1694,11,35,4,1,0
1695,11,35,5,1,0
1696,11,35,6,1,0
1697,11,35,7,1,0
1698,11,35,8,1,0
1699,11,35,9,1,0
1700,11,35,51,1,0
1701,11,87,3,1,0
1702,11,87,4,1,0
1703,11,87,5,1,0
1704,11,87,6,1,0
1705,11,87,7,1,0
1706,11,87,8,1,0
1707,11,87,9,1,0
1708,11,87,51,1,0
1709,11,56,14,1,0
1710,11,56,15,1,0
1711,11,56,16,1,0
1712,11,56,53,1,0
1713,12,71,24,1,0
1714,12,71,25,1,0
1715,12,71,26,1,0
1716,12,71,27,1,0
1717,12,71,28,1,0
1718,12,71,55,1,0
1719,12,73,3,1,0
1720,12,73,4,1,0
1721,12,73,5,1,0
1722,12,73,6,1,0
1723,12,73,7,1,0
1724,12,73,8,1,0
1725,12,73,9,1,0
1726,12,73,51,1,0
1727,12,44,43,1,0
1728,12,44,44,1,0
1729,12,44,45,1,0
1730,12,44,46,1,0
1731,12,44,47,1,0
1732,12,44,48,1,0
1733,12,44,49,1,0
1734,12,44,58,1,0
1735,12,4,1,1,0
1736,12,4,2,1,0
1737,12,4,50,1,0
1738,12,7,24,1,0
1739,12,7,25,1,0
1740,12,7,26,1,0
1741,12,7,27,1,0
1742,12,7,28,1,0
1743,12,7,55,1,0
1744,12,25,39,1,0
1745,12,25,40,1,0
1746,12,25,41,1,0
1747,12,25,42,1,0
1748,12,25,57,1,0
1749,12,24,3,1,0
1750,12,24,4,1,0
1751,12,24,5,1,0
1752,12,24,6,1,0
1753,12,24,7,1,0
1754,12,24,8,1,0
1755,12,24,9,1,0
1756,12,24,51,1,0
1757,12,66,1,1,0
1758,12,66,2,1,0
1759,12,66,50,1,0
1760,12,67,3,1,0
1761,12,67,4,1,0
1762,12,67,5,1,0
1763,12,67,6,1,0
1764,12,67,7,1,0
1765,12,67,8,1,0
1766,12,67,9,1,0
1767,12,67,51,1,0
1768,12,65,14,1,0
1769,12,65,15,1,0
1770,12,65,16,1,0
1771,12,65,53,1,0
1772,12,51,39,1,0
1773,12,51,40,1,0
1774,12,51,41,1,0
1775,12,51,42,1,0
1776,12,51,57,1,0
1777,12,7,43,1,0
1778,12,7,44,1,0
1779,12,7,45,1,0
1780,12,7,46,1,0
1781,12,7,47,1,0
1782,12,7,48,1,0
1783,12,7,49,1,0
1784,12,7,58,1,0
1785,12,37,1,1,0
1786,12,37,2,1,0
1787,12,37,50,1,0
1788,12,29,10,1,0
1789,12,29,11,1,0
1790,12,29,12,1,0
1791,12,29,13,1,0
1792,12,29,52,1,0
1793,12,65,17,1,0
1794,12,65,18,1,0
1795,12,65,19,1,0
1796,12,65,20,1,0
1797,12,65,21,1,0
1798,12,65,22,1,0
1799,12,65,23,1,0
1800,12,65,54,1,0
1801,12,51,10,1,0
1802,12,51,11,1,0
1803,12,51,12,1,0
1804,12,51,13,1,0
1805,12,51,52,1,0
1806,12,20,39,1,0
1807,12,20,40,1,0
1808,12,20,41,1,0
1809,12,20,42,1,0
1810,12,20,57,1,0
1811,12,5,10,1,0
1812,12,5,11,1,0
1813,12,5,12,1,0
1814,12,5,13,1,0
1815,12,5,52,1,0
1816,12,3,29,1,0
1817,12,3,30,1,0
1818,12,3,31,1,0
1819,12,3,32,1,0
1820,12,3,33,1,0
1821,12,3,34,1,0
1822,12,3,35,1,0
1823,12,3,36,1,0
1824,12,3,37,1,0
1825,12,3,38,1,0
1826,12,3,56,1,0
1827,12,82,14,1,0
1828,12,82,15,1,0
1829,12,82,16,1,0
1830,12,82,53,1,0
1831,12,52,17,1,0
1832,12,52,18,1,0
1833,12,52,19,1,0
1834,12,52,20,1,0
1835,12,52,21,1,0
1836,12,52,22,1,0
1837,12,52,23,1,0
1838,12,52,54,1,0
1839,12,80,10,1,0
1840,12,80,11,1,0
1841,12,80,12,1,0
1842,12,80,13,1,0
1843,12,80,52,1,0
1844,12,82,43,1,0
1845,12,82,44,1,0
1846,12,82,45,1,0
1847,12,82,46,1,0
1848,12,82,47,1,0
1849,12,82,48,1,0
1850,12,82,49,1,0
1851,12,82,58,1,0
1852,12,11,14,1,0
1853,12,11,15,1,0
1854,12,11,16,1,0
1855,12,11,53,1,0
1856,12,45,1,1,0
1857,12,45,2,1,0
1858,12,45,50,1,0
1859,12,56,14,1,0
1860,12,56,15,1,0
1861,12,56,16,1,0
1862,12,56,53,1,0
1863,12,21,10,1,0
1864,12,21,11,1,0
1865,12,21,12,1,0
1866,12,21,13,1,0
1867,12,21,52,1,0
1868,12,6,10,1,0
1869,12,6,11,1,0
1870,12,6,12,1,0
1871,12,6,13,1,0
1872,12,6,52,1,0
1873,12,87,3,1,0
1874,12,87,4,1,0
1875,12,87,5,1,0
1876,12,87,6,1,0
1877,12,87,7,1,0
1878,12,87,8,1,0
1879,12,87,9,1,0
1880,12,87,51,1,0
1881,12,7,14,1,0
1882,12,7,15,1,0
1883,12,7,16,1,0
1884,12,7,53,1,0
1885,13,88,29,1,0
1886,13,88,30,1,0
1887,13,88,31,1,0
1888,13,88,32,1,0
1889,13,88,33,1,0
1890,13,88,34,1,0
1891,13,88,35,1,0
1892,13,88,36,1,0
1893,13,88,37,1,0
1894,13,88,38,1,0
1895,13,88,56,1,0
1896,13,66,43,1,0
1897,13,66,44,1,0
1898,13,66,45,1,0
1899,13,66,46,1,0
1900,13,66,47,1,0
1901,13,66,48,1,0
1902,13,66,49,1,0
1903,13,66,58,1,0
1904,13,61,1,1,0
1905,13,61,2,1,0
1906,13,61,50,1,0
1907,13,63,3,1,0
1908,13,63,4,1,0
1909,13,63,5,1,0
1910,13,63,6,1,0
1911,13,63,7,1,0
1912,13,63,8,1,0
1913,13,63,9,1,0
1914,13,63,51,1,0
1915,13,32,39,1,0
1916,13,32,40,1,0
1917,13,32,41,1,0
1918,13,32,42,1,0
1919,13,32,57,1,0
1920,13,51,14,1,0
1921,13,51,15,1,0
1922,13,51,16,1,0
1923,13,51,53,1,0
1924,13,83,1,1,0
1925,13,83,2,1,0
1926,13,83,50,1,0
1927,13,44,10,1,0
1928,13,44,11,1,0
1929,13,44,12,1,0
1930,13,44,13,1,0
1931,13,44,52,1,0
1932,13,44,29,1,0
1933,13,44,30,1,0
1934,13,44,31,1,0
1935,13,44,32,1,0
1936,13,44,33,1,0
1937,13,44,34,1,0
1938,13,44,35,1,0
1939,13,44,36,1,0
1940,13,44,37,1,0
1941,13,44,38,1,0
1942,13,44,56,1,0
1943,13,55,10,1,0
1944,13,55,11,1,0
1945,13,55,12,1,0
1946,13,55,13,1,0
1947,13,55,52,1,0
1948,13,20,3,1,0
1949,13,20,4,1,0
1950,13,20,5,1,0
1951,13,20,6,1,0
1952,13,20,7,1,0
1953,13,20,8,1,0
1954,13,20,9,1,0
1955,13,20,51,1,0
1956,13,89,39,1,0
1957,13,89,40,1,0
1958,13,89,41,1,0
1959,13,89,42,1,0
1960,13,89,57,1,0
1961,13,59,29,1,0
1962,13,59,30,1,0
1963,13,59,31,1,0
1964,13,59,32,1,0
1965,13,59,33,1,0
1966,13,59,34,1,0
1967,13,59,35,1,0
1968,13,59,36,1,0
1969,13,59,37,1,0
1970,13,59,38,1,0
1971,13,59,56,1,0
1972,13,65,1,1,0
1973,13,65,2,1,0
1974,13,65,50,1,0
1975,13,11,24,1,0
1976,13,11,25,1,0
1977,13,11,26,1,0
1978,13,11,27,1,0
1979,13,11,28,1,0
1980,13,11,55,1,0
1981,13,36,14,1,0
1982,13,36,15,1,0
1983,13,36,16,1,0
1984,13,36,53,1,0
1985,13,35,29,1,0
1986,13,35,30,1,0
1987,13,35,31,1,0
1988,13,35,32,1,0
1989,13,35,33,1,0
1990,13,35,34,1,0
1991,13,35,35,1,0
1992,13,35,36,1,0
1993,13,35,37,1,0
1994,13,35,38,1,0
1995,13,35,56,1,0
1996,13,83,39,1,0
1997,13,83,40,1,0
1998,13,83,41,1,0
1999,13,83,42,1,0
2000,13,83,57,1,0
2001,13,71,39,1,0
2002,13,71,40,1,0
2003,13,71,41,1,0
2004,13,71,42,1,0
2005,13,71,57,1,0
2006,13,28,1,1,0
2007,13,28,2,1,0
2008,13,28,50,1,0
2009,13,51,1,1,0
2010,13,51,2,1,0
2011,13,51,50,1,0
2012,13,81,14,1,0
2013,13,81,15,1,0
2014,13,81,16,1,0
2015,13,81,53,1,0
2016,13,71,17,1,0
2017,13,71,18,1,0
2018,13,71,19,1,0
2019,13,71,20,1,0
2020,13,71,21,1,0
2021,13,71,22,1,0
2022,13,71,23,1,0
2023,13,71,54,1,0
2024,13,79,14,1,0
2025,13,79,15,1,0
2026,13,79,16,1,0
2027,13,79,53,1,0
2028,13,18,29,1,0
2029,13,18,30,1,0
2030,13,18,31,1,0
2031,13,18,32,1,0
2032,13,18,33,1,0
2033,13,18,34,1,0
2034,13,18,35,1,0
2035,13,18,36,1,0
2036,13,18,37,1,0
2037,13,18,38,1,0
2038,13,18,56,1,0
2039,13,41,39,1,0
2040,13,41,40,1,0
2041,13,41,41,1,0
2042,13,41,42,1,0
2043,13,41,57,1,0
2044,13,91,24,1,0
2045,13,91,25,1,0
2046,13,91,26,1,0
2047,13,91,27,1,0
2048,13,91,28,1,0
2049,13,91,55,1,0
2050,13,71,1,1,0
2051,13,71,2,1,0
2052,13,71,50,1,0
2053,13,35,14,1,0
2054,13,35,15,1,0
2055,13,35,16,1,0
2056,13,35,53,1,0
2057,13,6,39,1,0
2058,13,6,40,1,0
2059,13,6,41,1,0
2060,13,6,42,1,0
2061,13,6,57,1,0
2062,13,90,3,1,0
2063,13,90,4,1,0
2064,13,90,5,1,0
2065,13,90,6,1,0
2066,13,90,7,1,0
2067,13,90,8,1,0
2068,13,90,9,1,0
2069,13,90,51,1,0
2070,13,32,1,1,0
2071,13,32,2,1,0
2072,13,32,50,1,0
2073,13,32,14,1,0
2074,13,32,15,1,0
2075,13,32,16,1,0
2076,13,32,53,1,0
2077,14,51,1,1,0
2078,14,51,2,1,0
2079,14,51,50,1,0
2080,14,51,10,1,0
2081,14,51,11,1,0
2082,14,51,12,1,0
2083,14,51,13,1,0
2084,14,51,52,1,0
2085,14,42,3,1,0
2086,14,42,4,1,0
2087,14,42,5,1,0
2088,14,42,6,1,0
2089,14,42,7,1,0
2090,14,42,8,1,0
2091,14,42,9,1,0
2092,14,42,51,1,0
2093,14,38,14,1,0
2094,14,38,15,1,0
2095,14,38,16,1,0
2096,14,38,53,1,0
2097,14,67,14,1,0
2098,14,67,15,1,0
2099,14,67,16,1,0
2100,14,67,53,1,0
2101,14,25,39,1,0
2102,14,25,40,1,0
2103,14,25,41,1,0
2104,14,25,42,1,0
2105,14,25,57,1,0
2106,14,78,14,1,0
2107,14,78,15,1,0
2108,14,78,16,1,0
2109,14,78,53,1,0
2110,14,2,10,1,0
2111,14,2,11,1,0
2112,14,2,12,1,0
2113,14,2,13,1,0
2114,14,2,52,1,0
2115,14,5,1,1,0
2116,14,5,2,1,0
2117,14,5,50,1,0
2118,14,71,39,1,0
2119,14,71,40,1,0
2120,14,71,41,1,0
2121,14,71,42,1,0
2122,14,71,57,1,0
2123,14,7,14,1,0
2124,14,7,15,1,0
2125,14,7,16,1,0
2126,14,7,53,1,0
2127,14,30,14,1,0
2128,14,30,15,1,0
2129,14,30,16,1,0
2130,14,30,53,1,0
2131,14,39,1,1,0
2132,14,39,2,1,0
2133,14,39,50,1,0
2134,14,41,39,1,0
2135,14,41,40,1,0
2136,14,41,41,1,0
2137,14,41,42,1,0
2138,14,41,57,1,0
2139,14,86,39,1,0
2140,14,86,40,1,0
2141,14,86,41,1,0
2142,14,86,42,1,0
2143,14,86,57,1,0
2144,14,20,29,1,0
2145,14,20,30,1,0
2146,14,20,31,1,0
2147,14,20,32,1,0
2148,14,20,33,1,0
2149,14,20,34,1,0
2150,14,20,35,1,0
2151,14,20,36,1,0
2152,14,20,37,1,0
2153,14,20,38,1,0
2154,14,20,56,1,0
2155,14,23,14,1,0
2156,14,23,15,1,0
2157,14,23,16,1,0
2158,14,23,53,1,0
2159,14,49,39,1,0
2160,14,49,40,1,0
2161,14,49,41,1,0
2162,14,49,42,1,0
2163,14,49,57,1,0
2164,14,87,14,1,0
2165,14,87,15,1,0
2166,14,87,16,1,0
2167,14,87,53,1,0
2168,14,62,24,1,0
2169,14,62,25,1,0
2170,14,62,26,1,0
2171,14,62,27,1,0
2172,14,62,28,1,0
2173,14,62,55,1,0
2174,14,47,10,1,0
2175,14,47,11,1,0
2176,14,47,12,1,0
2177,14,47,13,1,0
2178,14,47,52,1,0
2179,14,70,29,1,0
2180,14,70,30,1,0
2181,14,70,31,1,0
2182,14,70,32,1,0
2183,14,70,33,1,0
2184,14,70,34,1,0
2185,14,70,35,1,0
2186,14,70,36,1,0
2187,14,70,37,1,0
2188,14,70,38,1,0
2189,14,70,56,1,0
2190,14,86,14,1,0
2191,14,86,15,1,0
2192,14,86,16,1,0
2193,14,86,53,1,0
2194,14,35,14,1,0
2195,14,35,15,1,0
2196,14,35,16,1,0
2197,14,35,53,1,0
2198,14,73,29,1,0
2199,14,73,30,1,0
2200,14,73,31,1,0
2201,14,73,32,1,0
2202,14,73,33,1,0
2203,14,73,34,1,0
2204,14,73,35,1,0
2205,14,73,36,1,0
2206,14,73,37,1,0
2207,14,73,38,1,0
2208,14,73,56,1,0
2209,14,1,24,1,0
2210,14,1,25,1,0
2211,14,1,26,1,0
2212,14,1,27,1,0
2213,14,1,28,1,0
2214,14,1,55,1,0
2215,14,88,10,1,0
2216,14,88,11,1,0
2217,14,88,12,1,0
2218,14,88,13,1,0
2219,14,88,52,1,0
2220,14,34,14,1,0
2221,14,34,15,1,0
2222,14,34,16,1,0
2223,14,34,53,1,0
2224,14,37,43,1,0
2225,14,37,44,1,0
2226,14,37,45,1,0
2227,14,37,46,1,0
2228,14,37,47,1,0
2229,14,37,48,1,0
2230,14,37,49,1,0
2231,14,37,58,1,0
2232,14,61,14,1,0
2233,14,61,15,1,0
2234,14,61,16,1,0
2235,14,61,53,1,0
2236,14,67,17,1,0
2237,14,67,18,1,0
2238,14,67,19,1,0
2239,14,67,20,1,0
2240,14,67,21,1,0
2241,14,67,22,1,0
2242,14,67,23,1,0
2243,14,67,54,1,0
2244,14,50,17,1,0
2245,14,50,18,1,0
2246,14,50,19,1,0
2247,14,50,20,1,0
2248,14,50,21,1,0
2249,14,50,22,1,0
2250,14,50,23,1,0
2251,14,50,54,1,0
2252,14,21,17,1,0
2253,14,21,18,1,0
2254,14,21,19,1,0
2255,14,21,20,1,0
2256,14,21,21,1,0
2257,14,21,22,1,0
2258,14,21,23,1,0
2259,14,21,54,1,0
2260,15,86,39,1,0
2261,15,86,40,1,0
2262,15,86,41,1,0
2263,15,86,42,1,0
2264,15,86,57,1,0
2265,15,31,14,2,0
2266,15,31,15,2,0
2267,15,31,16,2,0
2268,15,31,53,2,0
2269,15,25,1,1,0
2270,15,25,2,1,0
2271,15,25,50,1,0
2272,15,5,17,1,0
2273,15,5,18,1,0
2274,15,5,19,1,0
2275,15,5,20,1,0
2276,15,5,21,1,0
2277,15,5,22,1,0
2278,15,5,23,1,0
2279,15,5,54,1,0
2280,15,66,1,1,0
2281,15,66,2,1,0
2282,15,66,50,1,0
2283,15,32,24,1,0
2284,15,32,25,1,0
2285,15,32,26,1,0
2286,15,32,27,1,0
2287,15,32,28,1,0
2288,15,32,55,1,0
2289,15,71,3,1,0
2290,15,71,4,1,0
2291,15,71,5,1,0
2292,15,71,6,1,0
2293,15,71,7,1,0
2294,15,71,8,1,0
2295,15,71,9,1,0
2296,15,71,51,1,0
2297,15,63,14,1,0
2298,15,63,15,1,0
2299,15,63,16,1,0
2300,15,63,53,1,0
2301,15,62,29,1,0
2302,15,62,30,1,0
2303,15,62,31,1,0
2304,15,62,32,1,0
2305,15,62,33,1,0
2306,15,62,34,1,0
2307,15,62,35,1,0
2308,15,62,36,1,0
2309,15,62,37,1,0
2310,15,62,38,1,0
2311,15,62,56,1,0
2312,15,36,39,1,0
2313,15,36,40,1,0
2314,15,36,41,1,0
2315,15,36,42,1,0
2316,15,36,57,1,0
2317,15,37,29,1,0
2318,15,37,30,1,0
2319,15,37,31,1,0
2320,15,37,32,1,0
2321,15,37,33,1,0
2322,15,37,34,1,0
2323,15,37,35,1,0
2324,15,37,36,1,0
2325,15,37,37,1,0
2326,15,37,38,1,0
2327,15,37,56,1,0
2328,15,48,10,1,0
2329,15,48,11,1,0
2330,15,48,12,1,0
2331,15,48,13,1,0
2332,15,48,52,1,0
2333,15,9,3,1,0
2334,15,9,4,1,0
2335,15,9,5,1,0
2336,15,9,6,1,0
2337,15,9,7,1,0
2338,15,9,8,1,0
2339,15,9,9,1,0
2340,15,9,51,1,0
2341,15,28,1,1,0
2342,15,28,2,1,0
2343,15,28,50,1,0
2344,15,48,1,1,0
2345,15,48,2,1,0
2346,15,48,50,1,0
2347,15,68,29,1,0
2348,15,68,30,1,0
2349,15,68,31,1,0
2350,15,68,32,1,0
2351,15,68,33,1,0
2352,15,68,34,1,0
2353,15,68,35,1,0
2354,15,68,36,1,0
2355,15,68,37,1,0
2356,15,68,38,1,0
2357,15,68,56,1,0
2358,15,20,29,1,0
2359,15,20,30,1,0
2360,15,20,31,1,0
2361,15,20,32,1,0
2362,15,20,33,1,0
2363,15,20,34,1,0
2364,15,20,35,1,0
2365,15,20,36,1,0
2366,15,20,37,1,0
2367,15,20,38,1,0
2368,15,20,56,1,0
2369,15,86,1,1,0
2370,15,86,2,1,0
2371,15,86,50,1,0
2372,15,73,3,1,0
2373,15,73,4,1,0
2374,15,73,5,1,0
2375,15,73,6,1,0
2376,15,73,7,1,0
2377,15,73,8,1,0
2378,15,73,9,1,0
2379,15,73,51,1,0
2380,15,25,14,1,0
2381,15,25,15,1,0
2382,15,25,16,1,0
2383,15,25,53,1,0
2384,15,26,1,1,0
2385,15,26,2,1,0
2386,15,26,50,1,0
2387,15,5,43,1,0
2388,15,5,44,1,0
2389,15,5,45,1,0
2390,15,5,46,1,0
2391,15,5,47,1,0
2392,15,5,48,1,0
2393,15,5,49,1,0
2394,15,5,58,1,0
2395,15,90,3,1,0
2396,15,90,4,1,0
2397,15,90,5,1,0
2398,15,90,6,1,0
2399,15,90,7,1,0
2400,15,90,8,1,0
2401,15,90,9,1,0
2402,15,90,51,1,0
2403,15,38,14,1,0
2404,15,38,15,1,0
2405,15,38,16,1,0
2406,15,38,53,1,0
2407,15,25,17,1,0
2408,15,25,18,1,0
2409,15,25,19,1,0
2410,15,25,20,1,0
2411,15,25,21,1,0
2412,15,25,22,1,0
2413,15,25,23,1,0
2414,15,25,54,1,0
2415,15,80,3,1,0
2416,15,80,4,1,0
2417,15,80,5,1,0
2418,15,80,6,1,0
2419,15,80,7,1,0
2420,15,80,8,1,0
2421,15,80,9,1,0
2422,15,80,51,1,0
2423,15,3,1,1,0
2424,15,3,2,1,0
2425,15,3,50,1,0
2426,15,71,29,1,0
2427,15,71,30,1,0
2428,15,71,31,1,0
2429,15,71,32,1,0
2430,15,71,33,1,0
2431,15,71,34,1,0
2432,15,71,35,1,0
2433,15,71,36,1,0
2434,15,71,37,1,0
2435,15,71,38,1,0
2436,15,71,56,1,0
2437,15,7,39,1,0
2438,15,7,40,1,0
2439,15,7,41,1,0
2440,15,7,42,1,0
2441,15,7,57,1,0
2442,15,55,1,1,0
2443,15,55,2,1,0
2444,15,55,50,1,0
2445,15,32,10,1,0
2446,15,32,11,1,0
2447,15,32,12,1,0
2448,15,32,13,1,0
2449,15,32,52,1,0
2450,15,3,10,1,0
2451,15,3,11,1,0
2452,15,3,12,1,0
2453,15,3,13,1,0
2454,15,3,52,1,0
2455,15,18,3,1,0
2456,15,18,4,1,0
2457,15,18,5,1,0
2458,15,18,6,1,0
2459,15,18,7,1,0
2460,15,18,8,1,0
2461,15,18,9,1,0
2462,15,18,51,1,0
2463,15,56,10,1,0
2464,15,56,11,1,0
2465,15,56,12,1,0
2466,15,56,13,1,0
2467,15,56,52,1,0
2468,15,59,3,1,0
2469,15,59,4,1,0
2470,15,59,5,1,0
2471,15,59,6,1,0
2472,15,59,7,1,0
2473,15,59,8,1,0
2474,15,59,9,1,0
2475,15,59,51,1,0
2476,15,37,43,1,0
2477,15,37,44,1,0
2478,15,37,45,1,0
2479,15,37,46,1,0
2480,15,37,47,1,0
2481,15,37,48,1,0
2482,15,37,49,1,0
2483,15,37,58,1,0
2484,16,83,14,1,0
2485,16,83,15,1,0
2486,16,83,16,1,0
2487,16,83,53,1,0
2488,16,5,1,1,0
2489,16,5,2,1,0
2490,16,5,50,1,0
2491,16,34,1,1,0
2492,16,34,2,1,0
2493,16,34,50,1,0
2494,16,63,3,1,0
2495,16,63,4,1,0
2496,16,63,5,1,0
2497,16,63,6,1,0
2498,16,63,7,1,0
2499,16,63,8,1,0
2500,16,63,9,1,0
2501,16,63,51,1,0
2502,16,1,14,2,0
2503,16,1,15,2,0
2504,16,1,16,2,0
2505,16,1,53,2,0
2506,16,89,10,2,0
2507,16,89,11,2,0
2508,16,89,12,2,0
2509,16,89,13,2,0
2510,16,89,52,2,0
2511,16,63,39,1,0
2512,16,63,40,1,0
2513,16,63,41,1,0
2514,16,63,42,1,0
2515,16,63,57,1,0
2516,16,90,29,1,0
2517,16,90,30,1,0
2518,16,90,31,1,0
2519,16,90,32,1,0
2520,16,90,33,1,0
2521,16,90,34,1,0
2522,16,90,35,1,0
2523,16,90,36,1,0
2524,16,90,37,1,0
2525,16,90,38,1,0
2526,16,90,56,1,0
2527,16,89,39,1,0
2528,16,89,40,1,0
2529,16,89,41,1,0
2530,16,89,42,1,0
2531,16,89,57,1,0
2532,16,47,10,1,0
2533,16,47,11,1,0
2534,16,47,12,1,0
2535,16,47,13,1,0
2536,16,47,52,1,0
2537,16,20,14,1,0
2538,16,20,15,1,0
2539,16,20,16,1,0
2540,16,20,53,1,0
2541,16,52,10,1,0
2542,16,52,11,1,0
2543,16,52,12,1,0
2544,16,52,13,1,0
2545,16,52,52,1,0
2546,16,71,10,1,0
2547,16,71,11,1,0
2548,16,71,12,1,0
2549,16,71,13,1,0
2550,16,71,52,1,0
2551,16,37,24,1,0
2552,16,37,25,1,0
2553,16,37,26,1,0
2554,16,37,27,1,0
2555,16,37,28,1,0
2556,16,37,55,1,0
2557,16,24,24,1,0
2558,16,24,25,1,0
2559,16,24,26,1,0
2560,16,24,27,1,0
2561,16,24,28,1,0
2562,16,24,55,1,0
2563,16,62,24,1,0
2564,16,62,25,1,0
2565,16,62,26,1,0
2566,16,62,27,1,0
2567,16,62,28,1,0
2568,16,62,55,1,0
2569,16,35,43,1,0
2570,16,35,44,1,0
2571,16,35,45,1,0
2572,16,35,46,1,0
2573,16,35,47,1,0
2574,16,35,48,1,0
2575,16,35,49,1,0
2576,16,35,58,1,0
2577,16,55,39,1,0
2578,16,55,40,1,0
2579,16,55,41,1,0
2580,16,55,42,1,0
2581,16,55,57,1,0
2582,16,4,14,1,0
2583,16,4,15,1,0
2584,16,4,16,1,0
2585,16,4,53,1,0
2586,16,77,24,1,0
2587,16,77,25,1,0
2588,16,77,26,1,0
2589,16,77,27,1,0
2590,16,77,28,1,0
2591,16,77,55,1,0
2592,16,31,1,1,0
2593,16,31,2,1,0
2594,16,31,50,1,0
2595,16,27,1,1,0
2596,16,27,2,1,0
2597,16,27,50,1,0
2598,16,71,17,2,0
2599,16,71,18,2,0
2600,16,71,19,2,0
2601,16,71,20,2,0
2602,16,71,21,2,0
2603,16,71,22,2,0
2604,16,71,23,2,0
2605,16,71,54,2,0
2606,16,37,10,1,0
2607,16,37,11,1,0
2608,16,37,12,1,0
2609,16,37,13,1,0
2610,16,37,52,1,0
2611,16,71,1,1,0
2612,16,71,2,1,0
2613,16,71,50,1,0
2614,16,9,10,1,0
2615,16,9,11,1,0
2616,16,9,12,1,0
2617,16,9,13,1,0
2618,16,9,52,1,0
2619,16,64,14,1,0
2620,16,64,15,1,0
2621,16,64,16,1,0
2622,16,64,53,1,0
2623,16,25,1,1,0
2624,16,25,2,1,0
2625,16,25,50,1,0
2626,16,39,1,1,0
2627,16,39,2,1,0
2628,16,39,50,1,0
2629,16,45,39,1,0
2630,16,45,40,1,0
2631,16,45,41,1,0
2632,16,45,42,1,0
2633,16,45,57,1,0
2634,16,61,39,1,0
2635,16,61,40,1,0
2636,16,61,41,1,0
2637,16,61,42,1,0
2638,16,61,57,1,0
2639,16,63,17,1,0
2640,16,63,18,1,0
2641,16,63,19,1,0
2642,16,63,20,1,0
2643,16,63,21,1,0
2644,16,63,22,1,0
2645,16,63,23,1,0
2646,16,63,54,1,0
2647,16,71,39,1,0
2648,16,71,40,1,0
2649,16,71,41,1,0
2650,16,71,42,1,0
2651,16,71,57,1,0
2652,16,51,39,1,0
2653,16,51,40,1,0
2654,16,51,41,1,0
2655,16,51,42,1,0
2656,16,51,57,1,0
2657,16,21,14,1,0
2658,16,21,15,1,0
2659,16,21,16,1,0
2660,16,21,53,1,0
2661,17,19,14,1,0
2662,17,19,15,1,0
2663,17,19,16,1,0
2664,17,19,53,1,0
2665,17,66,3,1,0
2666,17,66,4,1,0
2667,17,66,5,1,0
2668,17,66,6,1,0
2669,17,66,7,1,0
2670,17,66,8,1,0
2671,17,66,9,1,0
2672,17,66,51,1,0
2673,17,62,14,1,0
2674,17,62,15,1,0
2675,17,62,16,1,0
2676,17,62,53,1,0
2677,17,47,39,1,0
2678,17,47,40,1,0
2679,17,47,41,1,0
2680,17,47,42,1,0
2681,17,47,57,1,0
2682,17,9,17,1,0
2683,17,9,18,1,0
2684,17,9,19,1,0
2685,17,9,20,1,0
2686,17,9,21,1,0
2687,17,9,22,1,0
2688,17,9,23,1,0
2689,17,9,54,1,0
2690,17,14,29,1,0
2691,17,14,30,1,0
2692,17,14,31,1,0
2693,17,14,32,1,0
2694,17,14,33,1,0
2695,17,14,34,1,0
2696,17,14,35,1,0
2697,17,14,36,1,0
2698,17,14,37,1,0
2699,17,14,38,1,0
2700,17,14,56,1,0
2701,17,9,10,1,0
2702,17,9,11,1,0
2703,17,9,12,1,0
2704,17,9,13,1,0
2705,17,9,52,1,0
2706,17,5,1,1,0
2707,17,5,2,1,0
2708,17,5,50,1,0
2709,17,31,3,1,0
2710,17,31,4,1,0
2711,17,31,5,1,0
2712,17,31,6,1,0
2713,17,31,7,1,0
2714,17,31,8,1,0
2715,17,31,9,1,0
2716,17,31,51,1,0
2717,17,45,24,1,0
2718,17,45,25,1,0
2719,17,45,26,1,0
2720,17,45,27,1,0
2721,17,45,28,1,0
2722,17,45,55,1,0
2723,17,37,43,1,0
2724,17,37,44,1,0
2725,17,37,45,1,0
2726,17,37,46,1,0
2727,17,37,47,1,0
2728,17,37,48,1,0
2729,17,37,49,1,0
2730,17,37,58,1,0
2731,17,85,3,1,0
2732,17,85,4,1,0
2733,17,85,5,1,0
2734,17,85,6,1,0
2735,17,85,7,1,0
2736,17,85,8,1,0
2737,17,85,9,1,0
2738,17,85,51,1,0
2739,17,74,3,1,0
2740,17,74,4,1,0
2741,17,74,5,1,0
2742,17,74,6,1,0
2743,17,74,7,1,0
2744,17,74,8,1,0
2745,17,74,9,1,0
2746,17,74,51,1,0
2747,17,85,10,1,0
2748,17,85,11,1,0
2749,17,85,12,1,0
2750,17,85,13,1,0
2751,17,85,52,1,0
2752,17,89,14,1,0
2753,17,89,15,1,0
2754,17,89,16,1,0
2755,17,89,53,1,0
2756,17,4,14,1,0
2757,17,4,15,1,0
2758,17,4,16,1,0
2759,17,4,53,1,0
2760,17,10,10,1,0
2761,17,10,11,1,0
2762,17,10,12,1,0
2763,17,10,13,1,0
2764,17,10,52,1,0
2765,17,4,1,1,0
2766,17,4,2,1,0
2767,17,4,50,1,0
2768,17,83,24,1,0
2769,17,83,25,1,0
2770,17,83,26,1,0
2771,17,83,27,1,0
2772,17,83,28,1,0
2773,17,83,55,1,0
2774,17,63,43,1,0
2775,17,63,44,1,0
2776,17,63,45,1,0
2777,17,63,46,1,0
2778,17,63,47,1,0
2779,17,63,48,1,0
2780,17,63,49,1,0
2781,17,63,58,1,0
2782,17,14,1,1,0
2783,17,14,2,1,0
2784,17,14,50,1,0
2785,17,59,24,1,0
2786,17,59,25,1,0
2787,17,59,26,1,0
2788,17,59,27,1,0
2789,17,59,28,1,0
2790,17,59,55,1,0
2791,17,71,10,1,0
2792,17,71,11,1,0
2793,17,71,12,1,0
2794,17,71,13,1,0
2795,17,71,52,1,0
2796,17,38,14,1,0
2797,17,38,15,1,0
2798,17,38,16,1,0
2799,17,38,53,1,0
2800,17,87,43,1,0
2801,17,87,44,1,0
2802,17,87,45,1,0
2803,17,87,46,1,0
2804,17,87,47,1,0
2805,17,87,48,1,0
2806,17,87,49,1,0
2807,17,87,58,1,0
2808,17,68,10,2,0
2809,17,68,11,2,0
2810,17,68,12,2,0
2811,17,68,13,2,0
2812,17,68,52,2,0
2813,17,53,3,1,0
2814,17,53,4,1,0
2815,17,53,5,1,0
2816,17,53,6,1,0
2817,17,53,7,1,0
2818,17,53,8,1,0
2819,17,53,9,1,0
2820,17,53,51,1,0
2821,17,27,10,1,0
2822,17,27,11,1,0
2823,17,27,12,1,0
2824,17,27,13,1,0
2825,17,27,52,1,0
2826,17,49,24,1,0
2827,17,49,25,1,0
2828,17,49,26,1,0
2829,17,49,27,1,0
2830,17,49,28,1,0
2831,17,49,55,1,0
2832,17,9,14,1,0
2833,17,9,15,1,0
2834,17,9,16,1,0
2835,17,9,53,1,0
2836,17,75,39,1,0
2837,17,75,40,1,0
2838,17,75,41,1,0
2839,17,75,42,1,0
2840,17,75,57,1,0
2841,17,71,24,1,0
2842,17,71,25,1,0
2843,17,71,26,1,0
2844,17,71,27,1,0
2845,17,71,28,1,0
2846,17,71,55,1,0
2847,17,2,10,1,0
2848,17,2,11,1,0
2849,17,2,12,1,0
2850,17,2,13,1,0
2851,17,2,52,1,0
2852,18,50,14,1,0
2853,18,50,15,1,0
2854,18,50,16,1,0
2855,18,50,53,1,0
2856,18,65,17,1,0
2857,18,65,18,1,0
2858,18,65,19,1,0
2859,18,65,20,1,0
2860,18,65,21,1,0
2861,18,65,22,1,0
2862,18,65,23,1,0
2863,18,65,54,1,0
2864,18,24,10,1,0
2865,18,24,11,1,0
2866,18,24,12,1,0
2867,18,24,13,1,0
2868,18,24,52,1,0
2869,18,23,10,1,0
2870,18,23,11,1,0
2871,18,23,12,1,0
2872,18,23,13,1,0
2873,18,23,52,1,0
2874,18,20,24,1,0
2875,18,20,25,1,0
2876,18,20,26,1,0
2877,18,20,27,1,0
2878,18,20,28,1,0
2879,18,20,55,1,0
2880,18,63,10,1,0
2881,18,63,11,1,0
2882,18,63,12,1,0
2883,18,63,13,1,0
2884,18,63,52,1,0
2885,18,56,14,1,0
2886,18,56,15,1,0
2887,18,56,16,1,0
2888,18,56,53,1,0
2889,18,76,14,1,0
2890,18,76,15,1,0
2891,18,76,16,1,0
2892,18,76,53,1,0
2893,18,4,10,2,0
2894,18,4,11,2,0
2895,18,4,12,2,0
2896,18,4,13,2,0
2897,18,4,52,2,0
2898,18,83,10,1,0
2899,18,83,11,1,0
2900,18,83,12,1,0
2901,18,83,13,1,0
2902,18,83,52,1,0
2903,18,34,39,1,0
2904,18,34,40,1,0
2905,18,34,41,1,0
2906,18,34,42,1,0
2907,18,34,57,1,0
2908,18,20,43,1,0
2909,18,20,44,1,0
2910,18,20,45,1,0
2911,18,20,46,1,0
2912,18,20,47,1,0
2913,18,20,48,1,0
2914,18,20,49,1,0
2915,18,20,58,1,0
2916,18,44,10,1,0
2917,18,44,11,1,0
2918,18,44,12,1,0
2919,18,44,13,1,0
2920,18,44,52,1,0
2921,18,20,1,2,0
2922,18,20,2,2,0
2923,18,20,50,2,0
2924,18,24,14,1,0
2925,18,24,15,1,0
2926,18,24,16,1,0
2927,18,24,53,1,0
2928,18,78,29,1,0
2929,18,78,30,1,0
2930,18,78,31,1,0
2931,18,78,32,1,0
2932,18,78,33,1,0
2933,18,78,34,1,0
2934,18,78,35,1,0
2935,18,78,36,1,0
2936,18,78,37,1,0
2937,18,78,38,1,0
2938,18,78,56,1,0
2939,18,31,29,1,0
2940,18,31,30,1,0
2941,18,31,31,1,0
2942,18,31,32,1,0
2943,18,31,33,1,0
2944,18,31,34,1,0
2945,18,31,35,1,0
2946,18,31,36,1,0
2947,18,31,37,1,0
2948,18,31,38,1,0
2949,18,31,56,1,0
2950,18,5,10,1,0
2951,18,5,11,1,0
2952,18,5,12,1,0
2953,18,5,13,1,0
2954,18,5,52,1,0
2955,18,52,10,1,0
2956,18,52,11,1,0
2957,18,52,12,1,0
2958,18,52,13,1,0
2959,18,52,52,1,0
2960,18,46,3,1,0
2961,18,46,4,1,0
2962,18,46,5,1,0
2963,18,46,6,1,0
2964,18,46,7,1,0
2965,18,46,8,1,0
2966,18,46,9,1,0
2967,18,46,51,1,0
2968,18,87,3,1,0
2969,18,87,4,1,0
2970,18,87,5,1,0
2971,18,87,6,1,0
2972,18,87,7,1,0
2973,18,87,8,1,0
2974,18,87,9,1,0
2975,18,87,51,1,0
2976,18,12,43,1,0
2977,18,12,44,1,0
2978,18,12,45,1,0
2979,18,12,46,1,0
2980,18,12,47,1,0
2981,18,12,48,1,0
2982,18,12,49,1,0
2983,18,12,58,1,0
2984,18,34,14,1,0
2985,18,34,15,1,0
2986,18,34,16,1,0
2987,18,34,53,1,0
2988,18,49,14,1,0
2989,18,49,15,1,0
2990,18,49,16,1,0
2991,18,49,53,1,0
2992,18,33,1,1,0
2993,18,33,2,1,0
2994,18,33,50,1,0
2995,18,62,39,1,0
2996,18,62,40,1,0
2997,18,62,41,1,0
2998,18,62,42,1,0
2999,18,62,57,1,0
3000,18,41,3,1,0
3001,18,41,4,1,0
3002,18,41,5,1,0
3003,18,41,6,1,0
3004,18,41,7,1,0
3005,18,41,8,1,0
3006,18,41,9,1,0
3007,18,41,51,1,0
3008,18,63,1,1,0
3009,18,63,2,1,0
3010,18,63,50,1,0
3011,18,23,1,1,0
3012,18,23,2,1,0
3013,18,23,50,1,0
3014,18,31,24,1,0
3015,18,31,25,1,0
3016,18,31,26,1,0
3017,18,31,27,1,0
3018,18,31,28,1,0
3019,18,31,55,1,0
3020,18,25,24,1,0
3021,18,25,25,1,0
3022,18,25,26,1,0
3023,18,25,27,1,0
3024,18,25,28,1,0
3025,18,25,55,1,0
3026,18,91,1,1,0
3027,18,91,2,1,0
3028,18,91,50,1,0
3029,18,61,24,1,0
3030,18,61,25,1,0
3031,18,61,26,1,0
3032,18,61,27,1,0
3033,18,61,28,1,0
3034,18,61,55,1,0
3035,18,20,39,1,0
3036,18,20,40,1,0
3037,18,20,41,1,0
3038,18,20,42,1,0
3039,18,20,57,1,0
3040,18,35,10,1,0
3041,18,35,11,1,0
3042,18,35,12,1,0
3043,18,35,13,1,0
3044,18,35,52,1,0
3045,18,17,29,1,0
3046,18,17,30,1,0
3047,18,17,31,1,0
3048,18,17,32,1,0
3049,18,17,33,1,0
3050,18,17,34,1,0
3051,18,17,35,1,0
3052,18,17,36,1,0
3053,18,17,37,1,0
3054,18,17,38,1,0
3055,18,17,56,1,0
3056,18,38,3,1,0
3057,18,38,4,1,0
3058,18,38,5,1,0
3059,18,38,6,1,0
3060,18,38,7,1,0
3061,18,38,8,1,0
3062,18,38,9,1,0
3063,18,38,51,1,0
3064,18,39,43,1,0
3065,18,39,44,1,0
3066,18,39,45,1,0
3067,18,39,46,1,0
3068,18,39,47,1,0
3069,18,39,48,1,0
3070,18,39,49,1,0
3071,18,39,58,1,0
3072,18,72,1,1,0
3073,18,72,2,1,0
3074,18,72,50,1,0
3075,18,8,14,1,0
3076,18,8,15,1,0
3077,18,8,16,1,0
3078,18,8,53,1,0
3079,18,73,14,1,0
3080,18,73,15,1,0
3081,18,73,16,1,0
3082,18,73,53,1,0
3083,18,88,14,1,0
3084,18,88,15,1,0
3085,18,88,16,1,0
3086,18,88,53,1,0
3087,18,72,24,1,0
3088,18,72,25,1,0
3089,18,72,26,1,0
3090,18,72,27,1,0
3091,18,72,28,1,0
3092,18,72,55,1,0
3093,18,77,3,1,0
3094,18,77,4,1,0
3095,18,77,5,1,0
3096,18,77,6,1,0
3097,18,77,7,1,0
3098,18,77,8,1,0
3099,18,77,9,1,0
3100,18,77,51,1,0
3101,18,84,10,1,0
3102,18,84,11,1,0
3103,18,84,12,1,0
3104,18,84,13,1,0
3105,18,84,52,1,0
3106,18,27,14,1,0
3107,18,27,15,1,0
3108,18,27,16,1,0
3109,18,27,53,1,0
3110,19,55,3,1,0
3111,19,55,4,1,0
3112,19,55,5,1,0
3113,19,55,6,1,0
3114,19,55,7,1,0
3115,19,55,8,1,0
3116,19,55,9,1,0
3117,19,55,51,1,0
3118,19,88,29,1,0
3119,19,88,30,1,0
3120,19,88,31,1,0
3121,19,88,32,1,0
3122,19,88,33,1,0
3123,19,88,34,1,0
3124,19,88,35,1,0
3125,19,88,36,1,0
3126,19,88,37,1,0
3127,19,88,38,1,0
3128,19,88,56,1,0
3129,19,42,3,1,0
3130,19,42,4,1,0
3131,19,42,5,1,0
3132,19,42,6,1,0
3133,19,42,7,1,0
3134,19,42,8,1,0
3135,19,42,9,1,0
3136,19,42,51,1,0
3137,19,47,39,1,0
3138,19,47,40,1,0
3139,19,47,41,1,0
3140,19,47,42,1,0
3141,19,47,57,1,0
3142,19,66,17,1,0
3143,19,66,18,1,0
3144,19,66,19,1,0
3145,19,66,20,1,0
3146,19,66,21,1,0
3147,19,66,22,1,0
3148,19,66,23,1,0
3149,19,66,54,1,0
3150,19,67,1,1,0
3151,19,67,2,1,0
3152,19,67,50,1,0
3153,19,84,10,1,0
3154,19,84,11,1,0
3155,19,84,12,1,0
3156,19,84,13,1,0
3157,19,84,52,1,0
3158,19,71,3,1,0
3159,19,71,4,1,0
3160,19,71,5,1,0
3161,19,71,6,1,0
3162,19,71,7,1,0
3163,19,71,8,1,0
3164,19,71,9,1,0
3165,19,71,51,1,0
3166,19,32,14,1,0
3167,19,32,15,1,0
3168,19,32,16,1,0
3169,19,32,53,1,0
3170,19,39,10,1,0
3171,19,39,11,1,0
3172,19,39,12,1,0
3173,19,39,13,1,0
3174,19,39,52,1,0
3175,19,49,29,1,0
3176,19,49,30,1,0
3177,19,49,31,1,0
3178,19,49,32,1,0
3179,19,49,33,1,0
3180,19,49,34,1,0
3181,19,49,35,1,0
3182,19,49,36,1,0
3183,19,49,37,1,0
3184,19,49,38,1,0
3185,19,49,56,1,0
3186,19,12,3,1,0
3187,19,12,4,1,0
3188,19,12,5,1,0
3189,19,12,6,1,0
3190,19,12,7,1,0
3191,19,12,8,1,0
3192,19,12,9,1,0
3193,19,12,51,1,0
3194,19,65,10,1,0
3195,19,65,11,1,0
3196,19,65,12,1,0
3197,19,65,13,1,0
3198,19,65,52,1,0
3199,19,75,1,1,0
3200,19,75,2,1,0
3201,19,75,50,1,0
3202,19,82,24,1,0
3203,19,82,25,1,0
3204,19,82,26,1,0
3205,19,82,27,1,0
3206,19,82,28,1,0
3207,19,82,55,1,0
3208,19,46,17,1,0
3209,19,46,18,1,0
3210,19,46,19,1,0
3211,19,46,20,1,0
3212,19,46,21,1,0
3213,19,46,22,1,0
3214,19,46,23,1,0
3215,19,46,54,1,0
3216,19,24,39,1,0
3217,19,24,40,1,0
3218,19,24,41,1,0
3219,19,24,42,1,0
3220,19,24,57,1,0
3221,19,17,1,1,0
3222,19,17,2,1,0
3223,19,17,50,1,0
3224,19,7,24,1,0
3225,19,7,25,1,0
3226,19,7,26,1,0
3227,19,7,27,1,0
3228,19,7,28,1,0
3229,19,7,55,1,0
3230,19,9,1,1,0
3231,19,9,2,1,0
3232,19,9,50,1,0
3233,19,64,43,1,0
3234,19,64,44,1,0
3235,19,64,45,1,0
3236,19,64,46,1,0
3237,19,64,47,1,0
3238,19,64,48,1,0
3239,19,64,49,1,0
3240,19,64,58,1,0
3241,19,38,43,1,0
3242,19,38,44,1,0
3243,19,38,45,1,0
3244,19,38,46,1,0
3245,19,38,47,1,0
3246,19,38,48,1,0
3247,19,38,49,1,0
3248,19,38,58,1,0
3249,19,81,14,1,0
3250,19,81,15,1,0
3251,19,81,16,1,0
3252,19,81,53,1,0
3253,19,70,10,1,0
3254,19,70,11,1,0
3255,19,70,12,1,0
3256,19,70,13,1,0
3257,19,70,52,1,0
3258,19,41,3,1,0
3259,19,41,4,1,0
3260,19,41,5,1,0
3261,19,41,6,1,0
3262,19,41,7,1,0
3263,19,41,8,1,0
3264,19,41,9,1,0
3265,19,41,51,1,0
3266,19,56,24,1,0
3267,19,56,25,1,0
3268,19,56,26,1,0
3269,19,56,27,1,0
3270,19,56,28,1,0
3271,19,56,55,1,0
3272,19,81,1,1,0
3273,19,81,2,1,0
3274,19,81,50,1,0
3275,19,1,1,1,0
3276,19,1,2,1,0
3277,19,1,50,1,0
3278,19,20,29,1,0
3279,19,20,30,1,0
3280,19,20,31,1,0
3281,19,20,32,1,0
3282,19,20,33,1,0
3283,19,20,34,1,0
3284,19,20,35,1,0
3285,19,20,36,1,0
3286,19,20,37,1,0
3287,19,20,38,1,0
3288,19,20,56,1,0
3289,19,5,43,1,0
3290,19,5,44,1,0
3291,19,5,45,1,0
3292,19,5,46,1,0
3293,19,5,47,1,0
3294,19,5,48,1,0
3295,19,5,49,1,0
3296,19,5,58,1,0
3297,19,47,10,1,0
3298,19,47,11,1,0
3299,19,47,12,1,0
3300,19,47,13,1,0
3301,19,47,52,1,0
3302,19,81,10,1,0
3303,19,81,11,1,0
3304,19,81,12,1,0
3305,19,81,13,1,0
3306,19,81,52,1,0
3307,19,47,14,1,0
3308,19,47,15,1,0
3309,19,47,16,1,0
3310,19,47,53,1,0
3311,19,76,17,1,0
3312,19,76,18,1,0
3313,19,76,19,1,0
3314,19,76,20,1,0
3315,19,76,21,1,0
3316,19,76,22,1,0
3317,19,76,23,1,0
3318,19,76,54,1,0
3319,19,80,1,1,0
3320,19,80,2,1,0
3321,19,80,50,1,0
3322,19,84,14,1,0
3323,19,84,15,1,0
3324,19,84,16,1,0
3325,19,84,53,1,0
3326,19,59,39,1,0
3327,19,59,40,1,0
3328,19,59,41,1,0
3329,19,59,42,1,0
3330,19,59,57,1,0
3331,19,63,39,1,0
3332,19,63,40,1,0
3333,19,63,41,1,0
3334,19,63,42,1,0
3335,19,63,57,1,0
3336,19,76,3,1,0
3337,19,76,4,1,0
3338,19,76,5,1,0
3339,19,76,6,1,0
3340,19,76,7,1,0
3341,19,76,8,1,0
3342,19,76,9,1,0
3343,19,76,51,1,0
3344,19,71,14,1,0
3345,19,71,15,1,0
3346,19,71,16,1,0
3347,19,71,53,1,0
3348,19,16,29,1,0
3349,19,16,30,1,0
3350,19,16,31,1,0
3351,19,16,32,1,0
3352,19,16,33,1,0
3353,19,16,34,1,0
3354,19,16,35,1,0
3355,19,16,36,1,0
3356,19,16,37,1,0
3357,19,16,38,1,0
3358,19,16,56,1,0
3359,19,39,43,1,0
3360,19,39,44,1,0
3361,19,39,45,1,0
3362,19,39,46,1,0
3363,19,39,47,1,0
3364,19,39,48,1,0
3365,19,39,49,1,0
3366,19,39,58,1,0
3367,19,84,1,1,0
3368,19,84,2,1,0
3369,19,84,50,1,0
3370,19,67,17,1,0
3371,19,67,18,1,0
3372,19,67,19,1,0
3373,19,67,20,1,0
3374,19,67,21,1,0
3375,19,67,22,1,0
3376,19,67,23,1,0
3377,19,67,54,1,0
3378,19,65,39,1,0
3379,19,65,40,1,0
3380,19,65,41,1,0
3381,19,65,42,1,0
3382,19,65,57,1,0
3383,19,6,43,1,0
3384,19,6,44,1,0
3385,19,6,45,1,0
3386,19,6,46,1,0
3387,19,6,47,1,0
3388,19,6,48,1,0
3389,19,6,49,1,0
3390,19,6,58,1,0
3391,19,20,10,1,0
3392,19,20,11,1,0
3393,19,20,12,1,0
3394,19,20,13,1,0
3395,19,20,52,1,0
3396,19,55,10,1,0
3397,19,55,11,1,0
3398,19,55,12,1,0
3399,19,55,13,1,0
3400,19,55,52,1,0
3401,19,3,10,1,0
3402,19,3,11,1,0
3403,19,3,12,1,0
3404,19,3,13,1,0
3405,19,3,52,1,0
3406,19,5,39,1,0
3407,19,5,40,1,0
3408,19,5,41,1,0
3409,19,5,42,1,0
3410,19,5,57,1,0
3411,19,40,3,1,0
3412,19,40,4,1,0
3413,19,40,5,1,0
3414,19,40,6,1,0
3415,19,40,7,1,0
3416,19,40,8,1,0
3417,19,40,9,1,0
3418,19,40,51,1,0
3419,19,25,1,1,0
3420,19,25,2,1,0
3421,19,25,50,1,0
3422,19,26,10,1,0
3423,19,26,11,1,0
3424,19,26,12,1,0
3425,19,26,13,1,0
3426,19,26,52,1,0
3427,19,89,14,1,0
3428,19,89,15,1,0
3429,19,89,16,1,0
3430,19,89,53,1,0
3431,19,44,39,1,0
3432,19,44,40,1,0
3433,19,44,41,1,0
3434,19,44,42,1,0
3435,19,44,57,1,0
3436,20,35,14,2,0
3437,20,35,15,2,0
3438,20,35,16,2,0
3439,20,35,53,2,0
3440,20,4,14,1,0
3441,20,4,15,1,0
3442,20,4,16,1,0
3443,20,4,53,1,0
3444,20,63,3,1,0
3445,20,63,4,1,0
3446,20,63,5,1,0
3447,20,63,6,1,0
3448,20,63,7,1,0
3449,20,63,8,1,0
3450,20,63,9,1,0
3451,20,63,51,1,0
3452,20,5,17,1,0
3453,20,5,18,1,0
3454,20,5,19,1,0
3455,20,5,20,1,0
3456,20,5,21,1,0
3457,20,5,22,1,0
3458,20,5,23,1,0
3459,20,5,54,1,0
3460,20,48,24,1,0
3461,20,48,25,1,0
3462,20,48,26,1,0
3463,20,48,27,1,0
3464,20,48,28,1,0
3465,20,48,55,1,0
3466,20,62,29,1,0
3467,20,62,30,1,0
3468,20,62,31,1,0
3469,20,62,32,1,0
3470,20,62,33,1,0
3471,20,62,34,1,0
3472,20,62,35,1,0
3473,20,62,36,1,0
3474,20,62,37,1,0
3475,20,62,38,1,0
3476,20,62,56,1,0
3477,20,72,17,1,0
3478,20,72,18,1,0
3479,20,72,19,1,0
3480,20,72,20,1,0
3481,20,72,21,1,0
3482,20,72,22,1,0
3483,20,72,23,1,0
3484,20,72,54,1,0
3485,20,91,17,1,0
3486,20,91,18,1,0
3487,20,91,19,1,0
3488,20,91,20,1,0
3489,20,91,21,1,0
3490,20,91,22,1,0
3491,20,91,23,1,0
3492,20,91,54,1,0
3493,20,9,43,1,0
3494,20,9,44,1,0
3495,20,9,45,1,0
3496,20,9,46,1,0
3497,20,9,47,1,0
3498,20,9,48,1,0
3499,20,9,49,1,0
3500,20,9,58,1,0
3501,20,30,17,2,0
3502,20,30,18,2,0
3503,20,30,19,2,0
3504,20,30,20,2,0
3505,20,30,21,2,0
3506,20,30,22,2,0
3507,20,30,23,2,0
3508,20,30,54,2,0
3509,20,90,14,1,0
3510,20,90,15,1,0
3511,20,90,16,1,0
3512,20,90,53,1,0
3513,20,5,14,1,0
3514,20,5,15,1,0
3515,20,5,16,1,0
3516,20,5,53,1,0
3517,20,9,29,1,0
3518,20,9,30,1,0
3519,20,9,31,1,0
3520,20,9,32,1,0
3521,20,9,33,1,0
3522,20,9,34,1,0
3523,20,9,35,1,0
3524,20,9,36,1,0
3525,20,9,37,1,0
3526,20,9,38,1,0
3527,20,9,56,1,0
3528,20,67,1,1,0
3529,20,67,2,1,0
3530,20,67,50,1,0
3531,20,63,14,1,0
3532,20,63,15,1,0
3533,20,63,16,1,0
3534,20,63,53,1,0
3535,20,90,10,1,0
3536,20,90,11,1,0
3537,20,90,12,1,0
3538,20,90,13,1,0
3539,20,90,52,1,0
3540,20,24,29,1,0
3541,20,24,30,1,0
3542,20,24,31,1,0
3543,20,24,32,1,0
3544,20,24,33,1,0
3545,20,24,34,1,0
3546,20,24,35,1,0
3547,20,24,36,1,0
3548,20,24,37,1,0
3549,20,24,38,1,0
3550,20,24,56,1,0
3551,20,12,14,1,0
3552,20,12,15,1,0
3553,20,12,16,1,0
3554,20,12,53,1,0
3555,20,71,14,1,0
3556,20,71,15,1,0
3557,20,71,16,1,0
3558,20,71,53,1,0
3559,20,48,39,1,0
3560,20,48,40,1,0
3561,20,48,41,1,0
3562,20,48,42,1,0
3563,20,48,57,1,0
3564,20,45,14,1,0
3565,20,45,15,1,0
3566,20,45,16,1,0
3567,20,45,53,1,0
3568,20,76,24,1,0
3569,20,76,25,1,0
3570,20,76,26,1,0
3571,20,76,27,1,0
3572,20,76,28,1,0
3573,20,76,55,1,0
3574,20,34,1,1,0
3575,20,34,2,1,0
3576,20,34,50,1,0
3577,20,29,39,1,0
3578,20,29,40,1,0
3579,20,29,41,1,0
3580,20,29,42,1,0
3581,20,29,57,1,0
3582,20,30,1,1,0
3583,20,30,2,1,0
3584,20,30,50,1,0
3585,20,65,43,1,0
3586,20,65,44,1,0
3587,20,65,45,1,0
3588,20,65,46,1,0
3589,20,65,47,1,0
3590,20,65,48,1,0
3591,20,65,49,1,0
3592,20,65,58,1,0
3593,20,18,29,1,0
3594,20,18,30,1,0
3595,20,18,31,1,0
3596,20,18,32,1,0
3597,20,18,33,1,0
3598,20,18,34,1,0
3599,20,18,35,1,0
3600,20,18,36,1,0
3601,20,18,37,1,0
3602,20,18,38,1,0
3603,20,18,56,1,0
3604,20,44,29,1,0
3605,20,44,30,1,0
3606,20,44,31,1,0
3607,20,44,32,1,0
3608,20,44,33,1,0
3609,20,44,34,1,0
3610,20,44,35,1,0
3611,20,44,36,1,0
3612,20,44,37,1,0
3613,20,44,38,1,0
3614,20,44,56,1,0
3615,20,50,14,1,0
3616,20,50,15,1,0
3617,20,50,16,1,0
3618,20,50,53,1,0
3619,20,39,43,1,0
3620,20,39,44,1,0
3621,20,39,45,1,0
3622,20,39,46,1,0
3623,20,39,47,1,0
3624,20,39,48,1,0
3625,20,39,49,1,0
3626,20,39,58,1,0
3627,20,71,1,1,0
3628,20,71,2,1,0
3629,20,71,50,1,0
3630,20,20,10,1,0
3631,20,20,11,1,0
3632,20,20,12,1,0
3633,20,20,13,1,0
3634,20,20,52,1,0
3635,20,50,29,1,0
3636,20,50,30,1,0
3637,20,50,31,1,0
3638,20,50,32,1,0
3639,20,50,33,1,0
3640,20,50,34,1,0
3641,20,50,35,1,0
3642,20,50,36,1,0
3643,20,50,37,1,0
3644,20,50,38,1,0
3645,20,50,56,1,0
3646,20,37,10,1,0
3647,20,37,11,1,0
3648,20,37,12,1,0
3649,20,37,13,1,0
3650,20,37,52,1,0
3651,20,54,14,1,0
3652,20,54,15,1,0
3653,20,54,16,1,0
3654,20,54,53,1,0
3655,20,46,17,1,0
3656,20,46,18,1,0
3657,20,46,19,1,0
3658,20,46,20,1,0
3659,20,46,21,1,0
3660,20,46,22,1,0
3661,20,46,23,1,0
3662,20,46,54,1,0
3663,20,88,1,1,0
3664,20,88,2,1,0
3665,20,88,50,1,0
3666,20,24,1,1,0
3667,20,24,2,1,0
3668,20,24,50,1,0
3669,20,34,10,1,0
3670,20,34,11,1,0
3671,20,34,12,1,0
3672,20,34,13,1,0
3673,20,34,52,1,0
3674,20,89,10,1,0
3675,20,89,11,1,0
3676,20,89,12,1,0
3677,20,89,13,1,0
3678,20,89,52,1,0
3679,20,88,43,1,0
3680,20,88,44,1,0
3681,20,88,45,1,0
3682,20,88,46,1,0
3683,20,88,47,1,0
3684,20,88,48,1,0
3685,20,88,49,1,0
3686,20,88,58,1,0
3687,20,91,14,1,0
3688,20,91,15,1,0
3689,20,91,16,1,0
3690,20,91,53,1,0
3691,20,74,24,1,0
3692,20,74,25,1,0
3693,20,74,26,1,0
3694,20,74,27,1,0
3695,20,74,28,1,0
3696,20,74,55,1,0
3697,20,66,14,1,0
3698,20,66,15,1,0
3699,20,66,16,1,0
3700,20,66,53,1,0
3701,20,70,1,1,0
3702,20,70,2,1,0
3703,20,70,50,1,0
3704,20,90,1,1,0
3705,20,90,2,1,0
3706,20,90,50,1,0
3707,20,30,10,1,0
3708,20,30,11,1,0
3709,20,30,12,1,0
3710,20,30,13,1,0
3711,20,30,52,1,0
3712,20,37,3,1,0
3713,20,37,4,1,0
3714,20,37,5,1,0
3715,20,37,6,1,0
3716,20,37,7,1,0
3717,20,37,8,1,0
3718,20,37,9,1,0
3719,20,37,51,1,0
3720,20,62,14,1,0
3721,20,62,15,1,0
3722,20,62,16,1,0
3723,20,62,53,1,0
3724,20,62,24,1,0
3725,20,62,25,1,0
3726,20,62,26,1,0
3727,20,62,27,1,0
3728,20,62,28,1,0
3729,20,62,55,1,0
3730,20,80,3,1,0
3731,20,80,4,1,0
3732,20,80,5,1,0
3733,20,80,6,1,0
3734,20,80,7,1,0
3735,20,80,8,1,0
3736,20,80,9,1,0
3737,20,80,51,1,0
3738,20,64,1,1,0
3739,20,64,2,1,0
3740,20,64,50,1,0
3741,21,69,14,1,0
3742,21,69,15,1,0
3743,21,69,16,1,0
3744,21,69,53,1,0
3745,21,10,10,1,0
3746,21,10,11,1,0
3747,21,10,12,1,0
3748,21,10,13,1,0
3749,21,10,52,1,0
3750,21,47,3,1,0
3751,21,47,4,1,0
3752,21,47,5,1,0
3753,21,47,6,1,0
3754,21,47,7,1,0
3755,21,47,8,1,0
3756,21,47,9,1,0
3757,21,47,51,1,0
3758,21,4,14,1,0
3759,21,4,15,1,0
3760,21,4,16,1,0
3761,21,4,53,1,0
3762,21,83,1,2,0
3763,21,83,2,2,0
3764,21,83,50,2,0
3765,21,34,17,1,0
3766,21,34,18,1,0
3767,21,34,19,1,0
3768,21,34,20,1,0
3769,21,34,21,1,0
3770,21,34,22,1,0
3771,21,34,23,1,0
3772,21,34,54,1,0
3773,21,41,29,1,0
3774,21,41,30,1,0
3775,21,41,31,1,0
3776,21,41,32,1,0
3777,21,41,33,1,0
3778,21,41,34,1,0
3779,21,41,35,1,0
3780,21,41,36,1,0
3781,21,41,37,1,0
3782,21,41,38,1,0
3783,21,41,56,1,0
3784,21,5,10,1,0
3785,21,5,11,1,0
3786,21,5,12,1,0
3787,21,5,13,1,0
3788,21,5,52,1,0
3789,21,34,10,1,0
3790,21,34,11,1,0
3791,21,34,12,1,0
3792,21,34,13,1,0
3793,21,34,52,1,0
3794,21,2,14,1,0
3795,21,2,15,1,0
3796,21,2,16,1,0
3797,21,2,53,1,0
3798,21,40,14,2,0
3799,21,40,15,2,0
3800,21,40,16,2,0
3801,21,40,53,2,0
3802,21,29,1,1,0
3803,21,29,2,1,0
3804,21,29,50,1,0
3805,21,25,24,1,0
3806,21,25,25,1,0
3807,21,25,26,1,0
3808,21,25,27,1,0
3809,21,25,28,1,0
3810,21,25,55,1,0
3811,21,76,14,1,0
3812,21,76,15,1,0
3813,21,76,16,1,0
3814,21,76,53,1,0
3815,21,68,14,1,0
3816,21,68,15,1,0
3817,21,68,16,1,0
3818,21,68,53,1,0
3819,21,9,39,2,0
3820,21,9,40,2,0
3821,21,9,41,2,0
3822,21,9,42,2,0
3823,21,9,57,2,0
3824,21,38,24,1,0
3825,21,38,25,1,0
3826,21,38,26,1,0
3827,21,38,27,1,0
3828,21,38,28,1,0
3829,21,38,55,1,0
3830,21,44,10,1,0
3831,21,44,11,1,0
3832,21,44,12,1,0
3833,21,44,13,1,0
3834,21,44,52,1,0
3835,21,88,14,1,0
3836,21,88,15,1,0
3837,21,88,16,1,0
3838,21,88,53,1,0
3839,21,32,10,1,0
3840,21,32,11,1,0
3841,21,32,12,1,0
3842,21,32,13,1,0
3843,21,32,52,1,0
3844,21,12,29,1,0
3845,21,12,30,1,0
3846,21,12,31,1,0
3847,21,12,32,1,0
3848,21,12,33,1,0
3849,21,12,34,1,0
3850,21,12,35,1,0
3851,21,12,36,1,0
3852,21,12,37,1,0
3853,21,12,38,1,0
3854,21,12,56,1,0
3855,21,63,10,1,0
3856,21,63,11,1,0
3857,21,63,12,1,0
3858,21,63,13,1,0
3859,21,63,52,1,0
3860,21,49,3,1,0
3861,21,49,4,1,0
3862,21,49,5,1,0
3863,21,49,6,1,0
3864,21,49,7,1,0
3865,21,49,8,1,0
3866,21,49,9,1,0
3867,21,49,51,1,0
3868,21,71,29,1,0
3869,21,71,30,1,0
3870,21,71,31,1,0
3871,21,71,32,1,0
3872,21,71,33,1,0
3873,21,71,34,1,0
3874,21,71,35,1,0
3875,21,71,36,1,0
3876,21,71,37,1,0
3877,21,71,38,1,0
3878,21,71,56,1,0
3879,21,66,43,1,0
3880,21,66,44,1,0
3881,21,66,45,1,0
3882,21,66,46,1,0
3883,21,66,47,1,0
3884,21,66,48,1,0
3885,21,66,49,1,0
3886,21,66,58,1,0
3887,21,11,14,1,0
3888,21,11,15,1,0
3889,21,11,16,1,0
3890,21,11,53,1,0
3891,21,10,24,1,0
3892,21,10,25,1,0
3893,21,10,26,1,0
3894,21,10,27,1,0
3895,21,10,28,1,0
3896,21,10,55,1,0
3897,21,52,14,1,0
3898,21,52,15,1,0
3899,21,52,16,1,0
3900,21,52,53,1,0
3901,21,11,10,1,0
3902,21,11,11,1,0
3903,21,11,12,1,0
3904,21,11,13,1,0
3905,21,11,52,1,0
3906,21,30,10,1,0
3907,21,30,11,1,0
3908,21,30,12,1,0
3909,21,30,13,1,0
3910,21,30,52,1,0
3911,21,10,3,2,0
3912,21,10,4,2,0
3913,21,10,5,2,0
3914,21,10,6,2,0
3915,21,10,7,2,0
3916,21,10,8,2,0
3917,21,10,9,2,0
3918,21,10,51,2,0
3919,21,49,1,1,0
3920,21,49,2,1,0
3921,21,49,50,1,0
3922,21,68,43,1,0
3923,21,68,44,1,0
3924,21,68,45,1,0
3925,21,68,46,1,0
3926,21,68,47,1,0
3927,21,68,48,1,0
3928,21,68,49,1,0
3929,21,68,58,1,0
3930,21,1,1,1,0
3931,21,1,2,1,0
3932,21,1,50,1,0
3933,21,4,43,1,0
3934,21,4,44,1,0
3935,21,4,45,1,0
3936,21,4,46,1,0
3937,21,4,47,1,0
3938,21,4,48,1,0
3939,21,4,49,1,0
3940,21,4,58,1,0
3941,21,47,17,1,0
3942,21,47,18,1,0
3943,21,47,19,1,0
3944,21,47,20,1,0
3945,21,47,21,1,0
3946,21,47,22,1,0
3947,21,47,23,1,0
3948,21,47,54,1,0
3949,21,24,39,2,0
3950,21,24,40,2,0
3951,21,24,41,2,0
3952,21,24,42,2,0
3953,21,24,57,2,0
3954,21,6,24,1,0
3955,21,6,25,1,0
3956,21,6,26,1,0
3957,21,6,27,1,0
3958,21,6,28,1,0
3959,21,6,55,1,0
3960,21,35,39,1,0
3961,21,35,40,1,0
3962,21,35,41,1,0
3963,21,35,42,1,0
3964,21,35,57,1,0
3965,21,54,29,1,0
3966,21,54,30,1,0
3967,21,54,31,1,0
3968,21,54,32,1,0
3969,21,54,33,1,0
3970,21,54,34,1,0
3971,21,54,35,1,0
3972,21,54,36,1,0
3973,21,54,37,1,0
3974,21,54,38,1,0
3975,21,54,56,1,0
3976,21,31,24,1,0
3977,21,31,25,1,0
3978,21,31,26,1,0
3979,21,31,27,1,0
3980,21,31,28,1,0
3981,21,31,55,1,0
3982,21,35,10,1,0
3983,21,35,11,1,0
3984,21,35,12,1,0
3985,21,35,13,1,0
3986,21,35,52,1,0
3987,21,62,39,1,0
3988,21,62,40,1,0
3989,21,62,41,1,0
3990,21,62,42,1,0
3991,21,62,57,1,0
3992,21,63,39,1,0
3993,21,63,40,1,0
3994,21,63,41,1,0
3995,21,63,42,1,0
3996,21,63,57,1,0
3997,21,28,43,1,0
3998,21,28,44,1,0
3999,21,28,45,1,0
4000,21,28,46,1,0
4001,21,28,47,1,0
4002,21,28,48,1,0
4003,21,28,49,1,0
4004,21,28,58,1,0
4005,21,74,10,1,0
4006,21,74,11,1,0
4007,21,74,12,1,0
4008,21,74,13,1,0
4009,21,74,52,1,0
4010,21,55,24,1,0
4011,21,55,25,1,0
4012,21,55,26,1,0
4013,21,55,27,1,0
4014,21,55,28,1,0
4015,21,55,55,1,0
4016,21,14,14,1,0
4017,21,14,15,1,0
4018,21,14,16,1,0
4019,21,14,53,1,0
4020,21,79,3,1,0
4021,21,79,4,1,0
4022,21,79,5,1,0
4023,21,79,6,1,0
4024,21,79,7,1,0
4025,21,79,8,1,0
4026,21,79,9,1,0
4027,21,79,51,1,0
4028,21,20,1,1,0
4029,21,20,2,1,0
4030,21,20,50,1,0
4031,21,15,1,1,0
4032,21,15,2,1,0
4033,21,15,50,1,0
4034,21,8,43,1,0
4035,21,8,44,1,0
4036,21,8,45,1,0
4037,21,8,46,1,0
4038,21,8,47,1,0
4039,21,8,48,1,0
4040,21,8,49,1,0
4041,21,8,58,1,0
4042,21,26,3,1,0
4043,21,26,4,1,0
4044,21,26,5,1,0
4045,21,26,6,1,0
4046,21,26,7,1,0
4047,21,26,8,1,0
4048,21,26,9,1,0
4049,21,26,51,1,0
4050,21,40,24,1,0
4051,21,40,25,1,0
4052,21,40,26,1,0
4053,21,40,27,1,0
4054,21,40,28,1,0
4055,21,40,55,1,0
4056,21,75,10,1,0
4057,21,75,11,1,0
4058,21,75,12,1,0
4059,21,75,13,1,0
4060,21,75,52,1,0
4061,21,10,1,1,0
4062,21,10,2,1,0
4063,21,10,50,1,0
4064,21,35,1,1,0
4065,21,35,2,1,0
4066,21,35,50,1,0
4067,21,50,43,1,0
4068,21,50,44,1,0
4069,21,50,45,1,0
4070,21,50,46,1,0
4071,21,50,47,1,0
4072,21,50,48,1,0
4073,21,50,49,1,0
4074,21,50,58,1,0
4075,21,20,39,1,0
4076,21,20,40,1,0
4077,21,20,41,1,0
4078,21,20,42,1,0
4079,21,20,57,1,0
4080,21,24,14,1,0
4081,21,24,15,1,0
4082,21,24,16,1,0
4083,21,24,53,1,0
4084,21,34,1,1,0
4085,21,34,2,1,0
4086,21,34,50,1,0
4087,21,71,3,1,0
4088,21,71,4,1,0
4089,21,71,5,1,0
4090,21,71,6,1,0
4091,21,71,7,1,0
4092,21,71,8,1,0
4093,21,71,9,1,0
4094,21,71,51,1,0
4095,21,71,1,1,0
4096,21,71,2,1,0
4097,21,71,50,1,0
4098,21,37,3,1,0
4099,21,37,4,1,0
4100,21,37,5,1,0
4101,21,37,6,1,0
4102,21,37,7,1,0
4103,21,37,8,1,0
4104,21,37,9,1,0
4105,21,37,51,1,0
4106,21,54,39,1,0
4107,21,54,40,1,0
4108,21,54,41,1,0
4109,21,54,42,1,0
4110,21,54,57,1,0
4111,21,19,39,1,0
4112,21,19,40,1,0
4113,21,19,41,1,0
4114,21,19,42,1,0
4115,21,19,57,1,0
4116,21,65,10,1,0
4117,21,65,11,1,0
4118,21,65,12,1,0
4119,21,65,13,1,0
4120,21,65,52,1,0
4121,21,61,3,1,0
4122,21,61,4,1,0
4123,21,61,5,1,0
4124,21,61,6,1,0
4125,21,61,7,1,0
4126,21,61,8,1,0
4127,21,61,9,1,0
4128,21,61,51,1,0
4129,22,20,3,1,0
4130,22,20,4,1,0
4131,22,20,5,1,0
4132,22,20,6,1,0
4133,22,20,7,1,0
4134,22,20,8,1,0
4135,22,20,9,1,0
4136,22,20,51,1,0
4137,22,63,1,1,0
4138,22,63,2,1,0
4139,22,63,50,1,0
4140,22,77,1,1,0
4141,22,77,2,1,0
4142,22,77,50,1,0
4143,22,24,29,1,0
4144,22,24,30,1,0
4145,22,24,31,1,0
4146,22,24,32,1,0
4147,22,24,33,1,0
4148,22,24,34,1,0
4149,22,24,35,1,0
4150,22,24,36,1,0
4151,22,24,37,1,0
4152,22,24,38,1,0
4153,22,24,56,1,0
4154,22,83,3,1,0
4155,22,83,4,1,0
4156,22,83,5,1,0
4157,22,83,6,1,0
4158,22,83,7,1,0
4159,22,83,8,1,0
4160,22,83,9,1,0
4161,22,83,51,1,0
4162,22,58,1,1,0
4163,22,58,2,1,0
4164,22,58,50,1,0
4165,22,63,14,1,0
4166,22,63,15,1,0
4167,22,63,16,1,0
4168,22,63,53,1,0
4169,22,46,39,1,0
4170,22,46,40,1,0
4171,22,46,41,1,0
4172,22,46,42,1,0
4173,22,46,57,1,0
4174,22,91,39,1,0
4175,22,91,40,1,0
4176,22,91,41,1,0
4177,22,91,42,1,0
4178,22,91,57,1,0
4179,22,56,24,1,0
4180,22,56,25,1,0
4181,22,56,26,1,0
4182,22,56,27,1,0
4183,22,56,28,1,0
4184,22,56,55,1,0
4185,22,65,3,1,0
4186,22,65,4,1,0
4187,22,65,5,1,0
4188,22,65,6,1,0
4189,22,65,7,1,0
4190,22,65,8,1,0
4191,22,65,9,1,0
4192,22,65,51,1,0
4193,22,24,3,1,0
4194,22,24,4,1,0
4195,22,24,5,1,0
4196,22,24,6,1,0
4197,22,24,7,1,0
4198,22,24,8,1,0
4199,22,24,9,1,0
4200,22,24,51,1,0
4201,22,71,14,1,0
4202,22,71,15,1,0
4203,22,71,16,1,0
4204,22,71,53,1,0
4205,22,78,10,1,0
4206,22,78,11,1,0
4207,22,78,12,1,0
4208,22,78,13,1,0
4209,22,78,52,1,0
4210,22,50,10,1,0
4211,22,50,11,1,0
4212,22,50,12,1,0
4213,22,50,13,1,0
4214,22,50,52,1,0
4215,22,90,3,1,0
4216,22,90,4,1,0
4217,22,90,5,1,0
4218,22,90,6,1,0
4219,22,90,7,1,0
4220,22,90,8,1,0
4221,22,90,9,1,0
4222,22,90,51,1,0
4223,22,32,10,1,0
4224,22,32,11,1,0
4225,22,32,12,1,0
4226,22,32,13,1,0
4227,22,32,52,1,0
4228,22,60,39,1,0
4229,22,60,40,1,0
4230,22,60,41,1,0
4231,22,60,42,1,0
4232,22,60,57,1,0
4233,22,20,29,0,1
4234,22,20,30,0,1
4235,22,20,31,0,1
4236,22,20,32,0,1
4237,22,20,33,0,1
4238,22,20,34,0,1
4239,22,20,35,0,1
4240,22,20,36,0,1
4241,22,20,37,0,1
4242,22,20,38,0,1
4243,22,20,56,0,1
4244,22,30,3,1,0
4245,22,30,4,1,0
4246,22,30,5,1,0
4247,22,30,6,1,0
4248,22,30,7,1,0
4249,22,30,8,1,0
4250,22,30,9,1,0
4251,22,30,51,1,0
4252,22,66,3,1,0
4253,22,66,4,1,0
4254,22,66,5,1,0
4255,22,66,6,1,0
4256,22,66,7,1,0
4257,22,66,8,1,0
4258,22,66,9,1,0
4259,22,66,51,1,0
4260,22,1,10,1,0
4261,22,1,11,1,0
4262,22,1,12,1,0
4263,22,1,13,1,0
4264,22,1,52,1,0
4265,22,25,1,1,0
4266,22,25,2,1,0
4267,22,25,50,1,0
4268,22,69,3,1,0
4269,22,69,4,1,0
4270,22,69,5,1,0
4271,22,69,6,1,0
4272,22,69,7,1,0
4273,22,69,8,1,0
4274,22,69,9,1,0
4275,22,69,51,1,0
4276,22,47,3,1,0
4277,22,47,4,1,0
4278,22,47,5,1,0
4279,22,47,6,1,0
4280,22,47,7,1,0
4281,22,47,8,1,0
4282,22,47,9,1,0
4283,22,47,51,1,0
4284,22,70,3,1,0
4285,22,70,4,1,0
4286,22,70,5,1,0
4287,22,70,6,1,0
4288,22,70,7,1,0
4289,22,70,8,1,0
4290,22,70,9,1,0
4291,22,70,51,1,0
4292,22,4,43,1,0
4293,22,4,44,1,0
4294,22,4,45,1,0
4295,22,4,46,1,0
4296,22,4,47,1,0
4297,22,4,48,1,0
4298,22,4,49,1,0
4299,22,4,58,1,0
4300,22,20,43,1,0
4301,22,20,44,1,0
4302,22,20,45,1,0
4303,22,20,46,1,0
4304,22,20,47,1,0
4305,22,20,48,1,0
4306,22,20,49,1,0
4307,22,20,58,1,0
4308,22,48,14,1,0
4309,22,48,15,1,0
4310,22,48,16,1,0
4311,22,48,53,1,0
4312,22,64,24,0,1
4313,22,64,25,0,1
4314,22,64,26,0,1
4315,22,64,27,0,1
4316,22,64,28,0,1
4317,22,64,55,0,1
4318,22,56,3,1,0
4319,22,56,4,1,0
4320,22,56,5,1,0
4321,22,56,6,1,0
4322,22,56,7,1,0
4323,22,56,8,1,0
4324,22,56,9,1,0
4325,22,56,51,1,0
4326,22,63,10,1,0
4327,22,63,11,1,0
4328,22,63,12,1,0
4329,22,63,13,1,0
4330,22,63,52,1,0
4331,22,34,43,1,0
4332,22,34,44,1,0
4333,22,34,45,1,0
4334,22,34,46,1,0
4335,22,34,47,1,0
4336,22,34,48,1,0
4337,22,34,49,1,0
4338,22,34,58,1,0
4339,22,11,1,1,0
4340,22,11,2,1,0
4341,22,11,50,1,0
4342,22,19,14,1,0
4343,22,19,15,1,0
4344,22,19,16,1,0
4345,22,19,53,1,0
4346,22,87,24,1,0
4347,22,87,25,1,0
4348,22,87,26,1,0
4349,22,87,27,1,0
4350,22,87,28,1,0
4351,22,87,55,1,0
4352,22,27,14,1,0
4353,22,27,15,1,0
4354,22,27,16,1,0
4355,22,27,53,1,0
4356,22,10,1,1,0
4357,22,10,2,1,0
4358,22,10,50,1,0
4359,22,39,3,1,0
4360,22,39,4,1,0
4361,22,39,5,1,0
4362,22,39,6,1,0
4363,22,39,7,1,0
4364,22,39,8,1,0
4365,22,39,9,1,0
4366,22,39,51,1,0
4367,22,14,14,1,0
4368,22,14,15,1,0
4369,22,14,16,1,0
4370,22,14,53,1,0
4371,22,71,29,1,0
4372,22,71,30,1,0
4373,22,71,31,1,0
4374,22,71,32,1,0
4375,22,71,33,1,0
4376,22,71,34,1,0
4377,22,71,35,1,0
4378,22,71,36,1,0
4379,22,71,37,1,0
4380,22,71,38,1,0
4381,22,71,56,1,0
4382,22,71,24,1,0
4383,22,71,25,1,0
4384,22,71,26,1,0
4385,22,71,27,1,0
4386,22,71,28,1,0
4387,22,71,55,1,0
4388,22,89,3,1,0
4389,22,89,4,1,0
4390,22,89,5,1,0
4391,22,89,6,1,0
4392,22,89,7,1,0
4393,22,89,8,1,0
4394,22,89,9,1,0
4395,22,89,51,1,0
4396,22,68,29,1,0
4397,22,68,30,1,0
4398,22,68,31,1,0
4399,22,68,32,1,0
4400,22,68,33,1,0
4401,22,68,34,1,0
4402,22,68,35,1,0
4403,22,68,36,1,0
4404,22,68,37,1,0
4405,22,68,38,1,0
4406,22,68,56,1,0
4407,22,55,39,1,0
4408,22,55,40,1,0
4409,22,55,41,1,0
4410,22,55,42,1,0
4411,22,55,57,1,0
4412,22,76,3,1,0
4413,22,76,4,1,0
4414,22,76,5,1,0
4415,22,76,6,1,0
4416,22,76,7,1,0
4417,22,76,8,1,0
4418,22,76,9,1,0
4419,22,76,51,1,0
4420,22,17,39,1,0
4421,22,17,40,1,0
4422,22,17,41,1,0
4423,22,17,42,1,0
4424,22,17,57,1,0
4425,22,30,29,1,0
4426,22,30,30,1,0
4427,22,30,31,1,0
4428,22,30,32,1,0
4429,22,30,33,1,0
4430,22,30,34,1,0
4431,22,30,35,1,0
4432,22,30,36,1,0
4433,22,30,37,1,0
4434,22,30,38,1,0
4435,22,30,56,1,0
4436,22,76,1,1,0
4437,22,76,2,1,0
4438,22,76,50,1,0
4439,22,47,1,0,1
4440,22,47,2,0,1
4441,22,47,50,0,1
4442,22,32,14,0,2
4443,22,32,15,0,2
4444,22,32,16,0,2
4445,22,32,53,0,2
4446,22,14,10,1,0
4447,22,14,11,1,0
4448,22,14,12,1,0
4449,22,14,13,1,0
4450,22,14,52,1,0
4451,22,15,3,1,0
4452,22,15,4,1,0
4453,22,15,5,1,0
4454,22,15,6,1,0
4455,22,15,7,1,0
4456,22,15,8,1,0
4457,22,15,9,1,0
4458,22,15,51,1,0
4459,22,74,17,1,0
4460,22,74,18,1,0
4461,22,74,19,1,0
4462,22,74,20,1,0
4463,22,74,21,1,0
4464,22,74,22,1,0
4465,22,74,23,1,0
4466,22,74,54,1,0
4467,22,91,14,1,0
4468,22,91,15,1,0
4469,22,91,16,1,0
4470,22,91,53,1,0
4471,22,10,24,0,1
4472,22,10,25,0,1
4473,22,10,26,0,1
4474,22,10,27,0,1
4475,22,10,28,0,1
4476,22,10,55,0,1
4477,22,86,39,1,0
4478,22,86,40,1,0
4479,22,86,41,1,0
4480,22,86,42,1,0
4481,22,86,57,1,0
4482,22,19,29,1,0
4483,22,19,30,1,0
4484,22,19,31,1,0
4485,22,19,32,1,0
4486,22,19,33,1,0
4487,22,19,34,1,0
4488,22,19,35,1,0
4489,22,19,36,1,0
4490,22,19,37,1,0
4491,22,19,38,1,0
4492,22,19,56,1,0
4493,22,10,29,1,0
4494,22,10,30,1,0
4495,22,10,31,1,0
4496,22,10,32,1,0
4497,22,10,33,1,0
4498,22,10,34,1,0
4499,22,10,35,1,0
4500,22,10,36,1,0
4501,22,10,37,1,0
4502,22,10,38,1,0
4503,22,10,56,1,0
4504,22,31,10,1,0
4505,22,31,11,1,0
4506,22,31,12,1,0
4507,22,31,13,1,0
4508,22,31,52,1,0
4509,22,24,39,1,0
4510,22,24,40,1,0
4511,22,24,41,1,0
4512,22,24,42,1,0
4513,22,24,57,1,0
4514,22,41,29,0,1
4515,22,41,30,0,1
4516,22,41,31,0,1
4517,22,41,32,0,1
4518,22,41,33,0,1
4519,22,41,34,0,1
4520,22,41,35,0,1
4521,22,41,36,0,1
4522,22,41,37,0,1
4523,22,41,38,0,1
4524,22,41,56,0,1
4525,22,34,10,1,0
4526,22,34,11,1,0
4527,22,34,12,1,0
4528,22,34,13,1,0
4529,22,34,52,1,0
4530,22,59,3,1,0
4531,22,59,4,1,0
4532,22,59,5,1,0
4533,22,59,6,1,0
4534,22,59,7,1,0
4535,22,59,8,1,0
4536,22,59,9,1,0
4537,22,59,51,1,0
4538,22,12,39,0,1
4539,22,12,40,0,1
4540,22,12,41,0,1
4541,22,12,42,0,1
4542,22,12,57,0,1
4543,22,35,29,1,0
4544,22,35,30,1,0
4545,22,35,31,1,0
4546,22,35,32,1,0
4547,22,35,33,1,0
4548,22,35,34,1,0
4549,22,35,35,1,0
4550,22,35,36,1,0
4551,22,35,37,1,0
4552,22,35,38,1,0
4553,22,35,56,1,0
4554,22,19,39,1,0
4555,22,19,40,1,0
4556,22,19,41,1,0
4557,22,19,42,1,0
4558,22,19,57,1,0
4559,22,53,10,1,0
4560,22,53,11,1,0
4561,22,53,12,1,0
4562,22,53,13,1,0
4563,22,53,52,1,0
4564,22,6,43,0,1
4565,22,6,44,0,1
4566,22,6,45,0,1
4567,22,6,46,0,1
4568,22,6,47,0,1
4569,22,6,48,0,1
4570,22,6,49,0,1
4571,22,6,58,0,1
4572,22,67,3,0,1
4573,22,67,4,0,1
4574,22,67,5,0,1
4575,22,67,6,0,1
4576,22,67,7,0,1
4577,22,67,8,0,1
4578,22,67,9,0,1
4579,22,67,51,0,1
4580,22,27,3,1,0
4581,22,27,4,1,0
4582,22,27,5,1,0
4583,22,27,6,1,0
4584,22,27,7,1,0
4585,22,27,8,1,0
4586,22,27,9,1,0
4587,22,27,51,1,0
4588,22,66,14,0,1
4589,22,66,15,0,1
4590,22,66,16,0,1
4591,22,66,53,0,1
4592,22,37,10,1,0
4593,22,37,11,1,0
4594,22,37,12,1,0
4595,22,37,13,1,0
4596,22,37,52,1,0
4597,23,71,1,1,0
4598,23,71,2,1,0
4599,23,71,50,1,0
4600,23,46,39,0,1
4601,23,46,40,0,1
4602,23,46,41,0,1
4603,23,46,42,0,1
4604,23,46,57,0,1
4605,23,89,29,1,0
4606,23,89,30,1,0
4607,23,89,31,1,0
4608,23,89,32,1,0
4609,23,89,33,1,0
4610,23,89,34,1,0
4611,23,89,35,1,0
4612,23,89,36,1,0
4613,23,89,37,1,0
4614,23,89,38,1,0
4615,23,89,56,1,0
4616,23,17,1,1,0
4617,23,17,2,1,0
4618,23,17,50,1,0
4619,23,62,39,0,1
4620,23,62,40,0,1
4621,23,62,41,0,1
4622,23,62,42,0,1
4623,23,62,57,0,1
4624,23,80,1,1,0
4625,23,80,2,1,0
4626,23,80,50,1,0
4627,23,44,3,0,1
4628,23,44,4,0,1
4629,23,44,5,0,1
4630,23,44,6,0,1
4631,23,44,7,0,1
4632,23,44,8,0,1
4633,23,44,9,0,1
4634,23,44,51,0,1
4635,23,46,1,0,1
4636,23,46,2,0,1
4637,23,46,50,0,1
4638,23,20,14,0,1
4639,23,20,15,0,1
4640,23,20,16,0,1
4641,23,20,53,0,1
4642,23,58,3,0,1
4643,23,58,4,0,1
4644,23,58,5,0,1
4645,23,58,6,0,1
4646,23,58,7,0,1
4647,23,58,8,0,1
4648,23,58,9,0,1
4649,23,58,51,0,1
4650,23,73,29,0,1
4651,23,73,30,0,1
4652,23,73,31,0,1
4653,23,73,32,0,1
4654,23,73,33,0,1
4655,23,73,34,0,1
4656,23,73,35,0,1
4657,23,73,36,0,1
4658,23,73,37,0,1
4659,23,73,38,0,1
4660,23,73,56,0,1
4661,23,68,39,0,1
4662,23,68,40,0,1
4663,23,68,41,0,1
4664,23,68,42,0,1
4665,23,68,57,0,1
4666,23,9,14,0,1
4667,23,9,15,0,1
4668,23,9,16,0,1
4669,23,9,53,0,1
4670,23,65,1,0,1
4671,23,65,2,0,1
4672,23,65,50,0,1
4673,26,92,1,0,1
4674,26,92,2,0,1
4675,26,98,1,0,1
4676,26,98,2,0,1
4677,26,101,1,1,0
4678,26,101,2,1,0
4679,28,92,1,0,1
4680,28,92,2,0,1
4681,28,98,1,0,1
4682,28,98,2,0,1
4683,28,101,1,0,1
4684,28,101,2,0,1
4685,26,102,1,0,1
4686,26,102,2,0,1
4687,28,102,1,0,1
4688,28,102,2,0,1
4689,27,119,1,1,0
4690,27,119,2,1,0
4691,29,119,1,1,0
4692,29,119,2,1,0
4693,27,120,1,1,0
4694,27,120,2,1,0
4695,29,120,1,1,0
4696,29,120,2,1,0
4697,26,97,39,1,0
4698,26,97,40,1,0
4699,26,97,41,1,0
4700,26,97,42,1,0
4701,28,97,39,1,0
4702,28,97,40,1,0
4703,28,97,41,1,0
4704,28,97,42,1,0
4705,27,94,3,0,1
4706,27,94,4,0,1
4707,27,94,5,0,1
4708,27,94,6,0,1
4709,27,94,7,0,1
4710,27,94,8,0,1
4711,27,94,9,0,1
4712,27,95,3,0,1
4713,27,95,4,0,1
4714,27,95,5,0,1
4715,27,95,6,0,1
4716,27,95,7,0,1
4717,27,95,8,0,1
4718,27,95,9,0,1
4719,27,97,3,1,0
4720,27,97,4,1,0
4721,27,97,5,1,0
4722,27,97,6,1,0
4723,27,97,7,1,0
4724,27,97,8,1,0
4725,27,97,9,1,0
4726,29,97,3,1,0
4727,29,97,4,1,0
4728,29,97,5,1,0
4729,29,97,6,1,0
4730,29,97,7,1,0
4731,29,97,8,1,0
4732,29,97,9,1,0
4733,26,99,10,1,0
4734,26,99,11,1,0
4735,26,99,12,1,0
4736,26,99,13,1,0
4737,28,99,10,1,0
4738,28,99,11,1,0
4739,28,99,12,1,0
4740,28,99,13,1,0
4741,27,95,10,1,0
4742,27,95,11,1,0
4743,27,95,12,1,0
4744,27,95,13,1,0
4745,24,95,10,1,0
4746,24,95,11,1,0
4747,24,95,12,1,0
4748,24,95,13,1,0
4749,25,120,10,1,0
4750,25,120,11,1,0
4751,25,120,12,1,0
4752,25,120,13,1,0
4753,27,120,10,1,0
4754,27,120,11,1,0
4755,27,120,12,1,0
4756,27,120,13,1,0
4757,26,101,14,1,0
4758,26,101,15,1,0
4759,26,101,16,1,0
4760,28,101,14,1,0
4761,28,101,15,1,0
4762,28,101,16,1,0
4763,25,94,14,1,0
4764,25,94,15,1,0
4765,25,94,16,1,0
4766,27,94,14,1,0
4767,27,94,15,1,0
4768,27,94,16,1,0
4769,27,99,14,1,0
4770,27,99,15,1,0
4771,27,99,16,1,0
4772,29,99,14,1,0
4773,29,99,15,1,0
4774,29,99,16,1,0
4775,24,103,14,1,0
4776,24,103,15,1,0
4777,24,103,16,1,0
4778,27,103,14,1,0
4779,27,103,15,1,0
4780,27,103,16,1,0
4781,25,95,43,1,0
4782,25,95,44,1,0
4783,25,95,45,1,0
4784,25,95,46,1,0
4785,25,95,47,1,0
4786,25,95,48,1,0
4787,25,95,49,1,0
4788,27,95,43,1,0
4789,27,95,44,1,0
4790,27,95,45,1,0
4791,27,95,46,1,0
4792,27,95,47,1,0
4793,27,95,48,1,0
4794,27,95,49,1,0
4795,27,116,43,1,0
4796,27,116,44,1,0
4797,27,116,45,1,0
4798,27,116,46,1,0
4799,27,116,47,1,0
4800,27,116,48,1,0
4801,27,116,49,1,0
4802,29,116,43,1,0
4803,29,116,44,1,0
4804,29,116,45,1,0
4805,29,116,46,1,0
4806,29,116,47,1,0
4807,29,116,48,1,0
4808,29,116,49,1,0
4809,27,117,43,1,0
4810,27,117,44,1,0
4811,27,117,45,1,0
4812,27,117,46,1,0
4813,27,117,47,1,0
4814,27,117,48,1,0
4815,27,117,49,1,0
4816,29,117,43,1,0
4817,29,117,44,1,0
4818,29,117,45,1,0
4819,29,117,46,1,0
4820,29,117,47,1,0
4821,29,117,48,1,0
4822,29,117,49,1,0
4823,24,118,43,1,0
4824,24,118,44,1,0
4825,24,118,45,1,0
4826,24,118,46,1,0
4827,24,118,47,1,0
4828,24,118,48,1,0
4829,24,118,49,1,0
4830,27,118,43,1,0
4831,27,118,44,1,0
4832,27,118,45,1,0
4833,27,118,46,1,0
4834,27,118,47,1,0
4835,27,118,48,1,0
4836,27,118,49,1,0
4837,26,119,43,1,0
4838,26,119,44,1,0
4839,26,119,45,1,0
4840,26,119,46,1,0
4841,26,119,47,1,0
4842,26,119,48,1,0
4843,26,119,49,1,0
4844,28,119,43,1,0
4845,28,119,44,1,0
4846,28,119,45,1,0
4847,28,119,46,1,0
4848,28,119,47,1,0
4849,28,119,48,1,0
4850,28,119,49,1,0
4851,27,97,24,1,0
4852,27,97,25,1,0
4853,27,97,26,1,0
4854,27,97,27,1,0
4855,27,97,28,1,0
4856,27,99,24,1,0
4857,27,99,25,1,0
4858,27,99,26,1,0
4859,27,99,27,1,0
4860,27,99,28,1,0
4861,24,99,24,1,0
4862,24,99,25,1,0
4863,24,99,26,1,0
4864,24,99,27,1,0
4865,24,99,28,1,0
4866,29,97,24,1,0
4867,29,97,25,1,0
4868,29,97,26,1,0
4869,29,97,27,1,0
4870,29,97,28,1,0
4871,27,100,29,1,0
4872,27,100,30,1,0
4873,27,100,31,1,0
4874,27,100,32,1,0
4875,27,100,33,1,0
4876,27,100,34,1,0
4877,27,100,35,1,0
4878,27,100,36,1,0
4879,27,100,37,1,0
4880,27,100,38,1,0
4881,29,100,29,1,0
4882,29,100,30,1,0
4883,29,100,31,1,0
4884,29,100,32,1,0
4885,29,100,33,1,0
4886,29,100,34,1,0
4887,29,100,35,1,0
4888,29,100,36,1,0
4889,29,100,37,1,0
4890,29,100,38,1,0
4891,26,92,50,0,1
4892,26,98,50,0,1
4893,26,101,50,1,0
4894,28,92,50,0,1
4895,28,98,50,0,1
4896,28,101,50,0,1
4897,26,102,50,0,1
4898,28,102,50,0,1
4899,27,119,50,1,0
4900,29,119,50,1,0
4901,27,120,50,1,0
4902,29,120,50,1,0
4903,27,94,51,0,1
4904,27,95,51,0,1
4905,27,97,51,1,0
4906,29,97,51,1,0
4907,26,99,52,1,0
4908,28,99,52,1,0
4909,27,95,52,1,0
4910,24,95,52,1,0
4911,25,120,52,1,0
4912,27,120,52,1,0
4913,26,101,53,1,0
4914,28,101,53,1,0
4915,25,94,53,1,0
4916,27,94,53,1,0
4917,27,99,53,1,0
4918,29,99,53,1,0
4919,24,103,53,1,0
4920,27,103,53,1,0
4921,27,97,55,1,0
4922,27,99,55,1,0
4923,24,99,55,1,0
4924,29,97,55,1,0
4925,27,100,56,1,0
4926,29,100,56,1,0
4927,26,97,57,1,0
4928,28,97,57,1,0
4929,25,95,58,1,0
4930,27,95,58,1,0
4931,27,116,58,1,0
4932,29,116,58,1,0
4933,27,117,58,1,0
4934,29,117,58,1,0
4935,24,118,58,1,0
4936,27,118,58,1,0
4937,26,119,58,1,0
4938,28,119,58,1,0
